<?xml version="1.0" encoding="UTF-8"?>
<project name="Call_Sf_using_rest" mainModule="Main" version="2.0" logLevel="verbose">

	<module name="Main">

		<restGet resourceId="REST MFT Secure form" uri="/rest/forms/v1/FileUpload/payload" version="1.0">
			<parsedResponseVariable value="/data/payloadId" type="Body" name="payloadId" />
			<parsedResponseVariable value="/data/uploadFileLink" type="Body" name="uploadFileLink" />
			<parsedResponseVariable value="/data/submitFormLink" type="Body" name="submitFormLink" />
		</restGet>


		<print version="1.0" disabled="false">
			<![CDATA[${payloadId}***${uploadFileLink}**${submitFormLink}]]>
		</print>


		<restMultipartPost resourceId="REST MFT Secure form" uri="/rest/forms/v1/FileUpload/payload/${payloadId}/file" contentType="multipart/form-data" version="1.0">
			<part inputFile="/opt/goanywhere/userdata/as2datain/as2mdn.log" contentType="text/plain" contentDisposition="form-data">
			</part>
			<parsedResponseVariable value="/data/status" type="Body" name="status" />
			<parsedResponseVariable value="/data/message" type="Body" name="message" />
		</restMultipartPost>


		<print version="1.0" disabled="false">
			<![CDATA[${status}***${message}**]]>
		</print>


		<restPost resourceId="REST MFT Secure form" uri="/rest/forms/v1/FileUpload/payload/${payloadId}/submit" responseBodyDestination="none" version="1.0" disabled="false">
		</restPost>


		<restGet resourceId="REST MFT Secure form" uri="/rest/forms/v1/uploadfiletotargetselection/payload?help=true" version="1.0" disabled="true" />


		<restMultipartPost resourceId="REST MFT Secure form" uri="/rest/forms/v1/FileUpload/payload/${payloadId}/submit" contentType="multipart/mixed" version="1.0" disabled="true">
			<part>
				<content>{
   &quot;sf_emailaddress&quot; : [&quot;pradeep.ae.kumar@capgemini.com&quot;],
   &quot;sf_attachment_check&quot; : &quot;true&quot;,
   }</content>
			</part>
		</restMultipartPost>


		<restOptions resourceId="REST MFT Secure form" version="1.0" disabled="true" />


		<restGet label="REST GET uploadfiletotargetselection" resourceId="REST MFT Secure form" uri="/rest/forms/v1/uploadfiletotargetselection/payload" version="1.0" disabled="true">
			<parsedResponseVariable value="/data/payloadId" type="Body" name="payloadId" />
			<parsedResponseVariable value="/data/uploadFileLink" type="Body" name="uploadFileLink" />
			<parsedResponseVariable value="/data/submitFormLink" type="Body" name="submitFormLink" />
		</restGet>


		<restPost resourceId="REST MFT Secure form" uri="/rest/forms/v1/uploadfiletotargetselection/payload/${payloadId}/submit" contentType="application/json" responseBodyDestination="joblog" version="1.0" disabled="true">
			<content>{
  &quot;sf_targettype&quot; : &quot;blob&quot;
   }</content>
		</restPost>


		<restGet resourceId="REST MFT Secure form" uri="/rest/forms/v1/uploadfiletotargetselection/payload/${payloadId}/file/:fileId" version="1.0" disabled="true">
			<parsedResponseVariable value="/data/payloadId" type="Body" name="payloadId" />
			<parsedResponseVariable value="/data/uploadFileLink" type="Body" name="uploadFileLink" />
			<parsedResponseVariable value="/data/submitFormLink" type="Body" name="submitFormLink" />
		</restGet>

	</module>

</project>
