<?xml version="1.0" encoding="UTF-8"?>
<project name="FileUploadtotargetselection" mainModule="Main" version="2.0" logLevel="verbose">

	<module name="Main">

		<print version="1.0">
			<![CDATA[**${sf_targettype}*]]>
		</print>

		<if condition="${sf_targettype == &apos;blob&apos;}">

			<secureFormResponse status="Successful" message="Select a Target Blob" redirect="Secure Form" secureForm="Upload Files to Blob" version="1.0" />

		</if>
		<if condition="${sf_targettype == &apos;ftps&apos;}">

			<secureFormResponse status="Successful" message="Select a Target FTPS" redirect="Secure Form" secureForm="Upload Files to ftps" version="1.0" />

		</if>
		<if condition="${sf_targettype == &apos;sftp&apos;}">

			<secureFormResponse status="Successful" message="Select a Target SFTP" redirect="Secure Form" secureForm="Upload Files to sftp" version="1.0" />

		</if>
		<if condition="${sf_targettype == &apos;mq&apos;}">

			<secureFormResponse status="Successful" message="Select a Target MQ" redirect="Secure Form" secureForm="File Upload to azure blob" version="1.0" />

		</if>
	</module>

</project>
