<?xml version="1.0" encoding="UTF-8"?>
<project name="FileUploadtoanytarget" mainModule="Main" version="2.0" logLevel="verbose">

	<module name="Main">

		<print version="1.0">
			<![CDATA[${sf_targettype}*${sf_uploaded_files}**${sf_targetserver}]]>
		</print>


		<setVariable label="var targetserver" name="targetserver" value="${sf_targetserver}" version="2.0" />


		<setVariable label="var targetpath" name="targetpath" value="${sf_targetpath}" version="2.0" onError="continue" />


		<setVariable label="var filelistonsource" name="filelistonsource" value="${sf_uploaded_files}" version="2.0" />

		<if condition="${sf_targettype ==&apos;blob&apos;}">

			<copy label="Copy Files to Blob" sourceFilesVariable="${sf_uploaded_files}" destDir="resource:azureblob://${targetserver}" whenFileExists="overwrite" version="1.0" disabled="false" />


			<secureFormResponse label="Form Redirection to Main Page" status="Successful" message="Upload Successful" redirect="Secure Form" secureForm="Upload Files Target Selection" version="1.0" />

		</if>
		<if condition="${sf_targettype ==&apos;mq&apos;}">

			<mqOpenSession resourceId="${targetserver}" sessionId="MQSession" version="1.0" />

			<forEachLoop itemsVariable="${filelistinprogressing}" currentItemVariable="eachfiletomq">

				<mqSend sessionId="${MQSession}" destinationName="${targetpath}" messageFile="${eachfiletomq}" version="1.0" />

			</forEachLoop>

			<mqCloseSession sessionId="${MQSession}" version="1.0" />


			<secureFormResponse label="Form Redirection to Main Page" status="Successful" message="Upload Successful" redirect="Secure Form" secureForm="Upload Files Target Selection" version="1.0" />

		</if>
		<if condition="${sf_targettype ==&apos;sftp&apos;}">

			<sftp resourceId="${targetserver}" version="1.0">
				<put sourceFilesVariable="${filelistonsource}" destinationDir="${targetpath}" />
			</sftp>


			<secureFormResponse label="Form Redirection to Main Page" status="Successful" message="Upload Successful" redirect="Secure Form" secureForm="Upload Files Target Selection" version="1.0" />

		</if>
		<if condition="${sf_targettype ==&apos;ftps&apos;}">

			<ftps resourceId="${targetserver}" version="1.0">
				<put sourceFilesVariable="${filelistonsource}" destinationDir="${targetpath}" />
			</ftps>


			<secureFormResponse label="Form Redirection to Main Page" status="Successful" message="Upload Successful" redirect="Secure Form" secureForm="Upload Files Target Selection" version="1.0" />

		</if>
	</module>

</project>
