<?xml version="1.0" encoding="UTF-8"?>
<project name="sf_fileuploadtoblob" mainModule="Main" version="2.0" logLevel="verbose">

	<module name="Main" onError="call:Project_fail">

		<setVariable label="var uploaded_files" name="uploaded_files" value="${system.emptyString}" version="2.0" />

		<forEachLoop itemsVariable="${sf_uploaded_files}" currentItemVariable="eachfile">

			<setVariable label="Update FileList filenames" name="uploaded_files" value="${uploaded_files}${system.lineFeed}${eachfile:name}" version="2.0" />

		</forEachLoop>

		<print version="1.0">
			<![CDATA[I got triggered sf_fileupload = ${sf_uploaded_files}*${uploaded_files}*${sf_emailaddress}***${sf_attachment_check}]]>
		</print>


		<copy label="Copy to blob" sourceFilesVariable="${sf_uploaded_files}" destDir="resource:azureblob://rmgnebigmftdevsalrs01" whenFileExists="overwrite" version="1.0" />


		<sendEmail label="Send Email with file attachment" resourceId="ATOS-SMTP" toList="${sf_emailaddress}" keyLocation="KeyVault" version="2.0" executeOnlyIf="${sf_attachment_check == &quot;true&quot;}" disabled="false" onError="continue">
			<subject>
				<![CDATA[File Uploaded Transfer Status]]>
			</subject>
			<message>
				<![CDATA[The Files uploaded is pushed to target successfully.
#########################################
                                                                                         
${uploaded_files}                                                       
                                                                                          
#########################################]]>
			</message>
			<from address="noreply@royalmail.com" keyLocation="KeyVault" />
			<attachment inputFilesVariable="${sf_fileupload}" />
		</sendEmail>


		<delete inputFilesVariable="${sf_uploaded_files}" version="1.0" />


		<secureFormResponse status="Successful" message="File Pushed to Target with Success" redirect="Default" version="1.0" />

	</module>


	<module name="Project_fail">

		<secureFormResponse status="Error" message="Backend Failed and File may not pushed to Target" redirect="Default" version="1.0" />


		<sendEmail label="Send Email" resourceId="ATOS-SMTP" toList="${sf_emailaddress}" keyLocation="KeyVault" version="2.0" executeOnlyIf="${sf_attachment_check  == &quot;false&quot;}" disabled="false" onError="continue">
			<subject>
				<![CDATA[File Uploaded Transfer Status]]>
			</subject>
			<message>
				<![CDATA[FAILED TO TRANSFER
#########################################
Files Uploaded are as below                                                                                         
${uploaded_files}                                                       

Backend failure and File may not pushed to target                                                                                          
#########################################]]>
			</message>
			<from address="noreply@royalmail.com" keyLocation="KeyVault" />
		</sendEmail>


		<raiseError version="1.0" disabled="true">
			<message>Backend Failed and File may not pushed to Target</message>
		</raiseError>

	</module>

</project>
