<?xml version="1.0" encoding="UTF-8"?>
<project name="DatabaseHousekeeping" mainModule="Main" version="2.0" logLevel="verbose">

	<module name="Main">

		<sql label="Connect to MFT DB" resourceId="PrimaryDB" version="1.0">
			<query label="Delete Job_file_log &gt; 8 days">
				<statement>DELETE FROM dbo.dpa_job_file_log WHERE start_time &lt; DATEADD(dd,-8,GETDATE())</statement>
			</query>
			<query label="Delete gsftp_audit_log &gt; 8 days">
				<statement>DELETE FROM dbo.dpa_gsftp_audit_log WHERE end_time &lt; DATEADD(dd,-8,GETDATE())</statement>
			</query>
			<query label="Delete gftp_audit_log &gt; 8 days">
				<statement>DELETE FROM dbo.dpa_gftp_audit_log WHERE end_time &lt; DATEADD(dd,-8,GETDATE())</statement>
			</query>
			<query label="Delete job &gt; 8 days">
				<statement>DELETE FROM dbo.dpa_job WHERE end_time &lt; DATEADD(dd,-8,GETDATE())

	</statement>
			</query>
		</sql>

	</module>

	<description>Project deletes the Database table data older that 8 days</description>
</project>
