<?xml version="1.0" encoding="UTF-8"?>
<project name="DatabaseServicefailurelog" mainModule="Main" version="2.0" logLevel="normal" threadSafe="true">

	<module name="Main" onError="call:Projectfailure">

		<execSSH label="fetch DB Service failure log" resourceId="LocalMFT1" command="awk &apos;/ERROR/ &amp;&amp; /SQLServerException:/ &amp;&amp; /connection/ &amp;&amp; /database/ &amp;&amp; /failed/&apos; ${GA_Logs}/goanywhere*.log" redirectOutputTo="file" outputFile="${MFT_csv}/${system.job.id}.dbsvc.log" whenFileExists="error" errorIfCommandFails="true" outputFileVariable="dbsvclogfile" version="1.0" disabled="false" />


		<copy label="Copy dbsvclogfile dbsvclogfile.temp" sourceFilesVariable="${dbsvclogfile}" destDir="${MFT_csv}" whenFileExists="error" suffix=".temp_dbsvc" version="1.0" disabled="false" />

		<if label="!Exists dbsvclogcopyfile" condition="${FileInfo(&apos;/opt/goanywhere/transferdatacsv/dbsvclogcopyfile.donotdelete&apos;):exists == false }" disabled="false">

			<execSSH label="create dbsvclogcopy file" resourceId="LocalMFT1" command="touch ${MFT_csv}/dbsvclogcopyfile.donotdelete" redirectOutputTo="ignore" whenFileExists="error" errorIfCommandFails="true" version="1.0" disabled="false" />

		</if>

		<execSSH label="create a difference file" resourceId="LocalMFT1" command="sudo chmod 604 ${dbsvclogfile};diff ${dbsvclogfile}  ${MFT_csv}/dbsvclogcopyfile.donotdelete" redirectOutputTo="file" outputFile="${MFT_csv}/${system.job.id}.dbsvc.diff.temp_dbsvc" whenFileExists="error" errorIfCommandFails="false" outputFileVariable="difffiletemp" version="1.0" disabled="false" />


		<execSSH label="clean difference file" resourceId="LocalMFT1" command="sudo chmod 604 ${difffiletemp};awk &apos;NF&gt;1&apos; ${difffiletemp}" redirectOutputTo="file" outputFile="${MFT_csv}/${system.job.id}.dbsvc.finaldiff.temp_dbsvc" whenFileExists="overwrite" errorIfCommandFails="true" outputFileVariable="difffile" version="1.0" disabled="false" />


		<execSSH label="change permission diff file" resourceId="LocalMFT1" command="sudo chmod 604 ${difffile}" version="1.0" />


		<setVariable label="var dataflag == 16" name="dataflag" value="16" version="2.0" />


		<callProject label="Call Project DataCapture 16" project="/project-functions-templates/DataCapture" runInSameJob="true" inheritUserVariables="true" returnUserVariables="true" mode="batch" version="1.0" />


		<delete label="Delete all stage files" version="1.0" disabled="false">
			<fileset dir="${MFT_csv}" includeItems="files">
				<wildcardFilter>
					<include pattern="*.temp_dbsvc" />
				</wildcardFilter>
			</fileset>
		</delete>


		<rename label="Rename dbsvclogfile to dbsvclogcopyfile" inputFile="${dbsvclogfile}" newName="dbsvclogcopyfile.donotdelete" whenFileExists="overwrite" version="1.0" disabled="false" />

	</module>

	<description>It detects DB disconnection from MFT and captures log .</description>

	<module name="Projectfailure">

		<setVariable label="var dataflag == 06" name="dataflag" value="06" version="2.0" />


		<setVariable label="var errormsg" name="errormsg" value="${system.job.error}" version="2.0" />


		<callProject label="Call Project DataCapture 06" project="/project-functions-templates/DataCapture" runInSameJob="true" inheritUserVariables="true" returnUserVariables="true" mode="batch" version="1.0" />


		<raiseError version="1.0" />

	</module>

</project>
