<?xml version="1.0" encoding="UTF-8"?>
<project name="FileSystemHousekeeping" mainModule="Main" version="2.0" logLevel="verbose" threadSafe="true">
	<description>As per policy for older files -
Deletion of files from Archive paths 
Deletion of GoAnywhere logs.
Deletion of GoAnywhere workspace.</description>
	<variable name="oldworkspace" value="/opt/goanywhere/userdata/workspace" description="Parent Archive path " />

	<module name="Main" onError="call:ProjectFailure">

		<delete label="ARCHIEVED_FILES &gt; 8 days" numFilesDeletedVariable="arfilesdeletednum" version="1.0">
			<fileset dir="${MFT_Archive}" recursive="true" includeItems="files">
				<dateFilter>
					<include to="${AdjustDateTIme(CurrentDate(&apos;yyyy-MM-dd HH:mm:ss a&apos;), &apos;yyyy-MM-dd HH:mm:ss a&apos;, &apos;days&apos;, -8)}&quot;" />
				</dateFilter>
			</fileset>
		</delete>


		<print label="print count of deleted files" version="1.0">
			<![CDATA[*****************************
*****************************

NUMBER OF FILES DELETED : ${arfilesdeletednum}

*****************************
*****************************]]>
		</print>


		<delete label="GA LOGS &gt; 8 days" numFilesDeletedVariable="gwlogfilesdeletednum" version="1.0" disabled="false">
			<fileset dir="${GA_Logs}" recursive="true" includeItems="both" sortedBy="last modified" sortOrder="ascending">
				<dateFilter>
					<include to="${AdjustDateTIme(CurrentDate(&apos;yyyy-MM-dd HH:mm:ss a&apos;), &apos;yyyy-MM-dd HH:mm:ss a&apos;, &apos;days&apos;, -8)}&quot;" />
				</dateFilter>
				<wildcardFilter>
					<include pattern="*.log" caseSensitive="true" />
					<include pattern="*.log.*" caseSensitive="true" />
					<include pattern="20*" caseSensitive="true" />
				</wildcardFilter>
			</fileset>
		</delete>


		<delete label="GA LOGS &gt; 8 days" numFilesDeletedVariable="gwlogfilesdeletednum" version="1.0" disabled="false">
			<fileset dir="${GA_Logs}" recursive="true" includeItems="directories" sortedBy="last modified" sortOrder="ascending">
				<dateFilter>
					<include to="${AdjustDateTIme(CurrentDate(&apos;yyyy-MM-dd HH:mm:ss a&apos;), &apos;yyyy-MM-dd HH:mm:ss a&apos;, &apos;days&apos;, -8)}&quot;" />
				</dateFilter>
				<wildcardFilter>
					<include pattern="20*" caseSensitive="true" />
				</wildcardFilter>
			</fileset>
		</delete>


		<print label="print count of deleted directories" version="1.0">
			<![CDATA[*****************************
*****************************

NUMBER OF LOG FILES DELETED : ${gwlogfilesdeletednum}

*****************************
*****************************]]>
		</print>


		<delete label="WORKSPACE &gt; 8 days" numFilesDeletedVariable="wkspcedeletednum" version="1.0" disabled="false">
			<fileset dir="${oldworkspace}" recursive="true" includeItems="both">
				<dateFilter>
					<include to="${AdjustDateTIme(CurrentDate(&apos;yyyy-MM-dd HH:mm:ss a&apos;), &apos;yyyy-MM-dd HH:mm:ss a&apos;, &apos;days&apos;, -8)}&quot;" />
				</dateFilter>
			</fileset>
		</delete>


		<print label="print count of deleted files" version="1.0">
			<![CDATA[***********************************
***********************************

NUMBER DELETED : ${wkspcedeletednum}

***********************************
***********************************]]>
		</print>


		<delete label="UNWANTED CSV PART FILES &gt; 1 days" numFilesDeletedVariable="csvpartfilesdeletednum" version="1.0" disabled="false">
			<fileset dir="${MFT_csv}" recursive="false" includeItems="files">
				<dateFilter>
					<include to="${AdjustDateTIme(CurrentDate(&apos;yyyy-MM-dd HH:mm:ss a&apos;), &apos;yyyy-MM-dd HH:mm:ss a&apos;, &apos;days&apos;, -1)}&quot;" />
				</dateFilter>
				<wildcardFilter>
					<include pattern="*.log" />
				</wildcardFilter>
			</fileset>
		</delete>


		<delete label="MFT_csv ARCHIVE FILES &gt; 31 days" numFilesDeletedVariable="csvfilesdeletednum" version="1.0" disabled="false">
			<fileset dir="${MFT_csv}/Archive" recursive="true" includeItems="both">
				<dateFilter>
					<include to="${AdjustDateTIme(CurrentDate(&apos;yyyy-MM-dd HH:mm:ss a&apos;), &apos;yyyy-MM-dd HH:mm:ss a&apos;, &apos;days&apos;, -31)}&quot;" />
				</dateFilter>
				<wildcardFilter>
					<include pattern="*.csv*" />
				</wildcardFilter>
			</fileset>
		</delete>


		<delete label="MFT_Logs CSV files &gt; 1 days" numFilesDeletedVariable="csvpartfilesdeletednum" version="1.0" disabled="false" onError="continue">
			<fileset dir="${MFT_Logs}" recursive="false" includeItems="files">
				<dateFilter>
					<include to="${AdjustDateTIme(CurrentDate(&apos;yyyy-MM-dd HH:mm:ss a&apos;), &apos;yyyy-MM-dd HH:mm:ss a&apos;, &apos;days&apos;, -1)}&quot;" />
				</dateFilter>
			</fileset>
		</delete>


		<setVariable label="var dataflag = 11" name="dataflag" value="11" version="1.0" disabled="false" />


		<callProject label="Call Project DataCapture 11" project="/project-functions-templates/DataCapture" runInSameJob="true" inheritUserVariables="true" returnUserVariables="true" mode="batch" version="1.0" />

	</module>


	<module name="ProjectFailure">

		<setVariable label="var errormsg" name="errormsg" value="${system.job.error}" version="1.0" />


		<setVariable label="var dataflag = 01" name="dataflag" value="01" version="1.0" />


		<callProject label="Call Project DataCapture 01" project="/project-functions-templates/DataCapture" runInSameJob="true" inheritUserVariables="true" returnUserVariables="true" mode="batch" version="1.0" />


		<raiseError version="1.0" />

	</module>

</project>
