<?xml version="1.0" encoding="UTF-8"?>
<project name="FileAgeinginMFT" mainModule="Main" version="2.0" logLevel="verbose">

	<module name="Main" onError="call:ProjectFailure">

		<timestamp version="1.0" />


		<createFileList label="Project File list" fileListVariable="projectlist" version="1.0">
			<fileset dir="${MFT_Project_files}" recursive="false" includeItems="directories" />
		</createFileList>

		<forEachLoop itemsVariable="${projectlist}" currentItemVariable="projectlistitem" disabled="false">

			<setVariable label="var dataflag 17" name="dataflag" value="17" version="2.0" />


			<createFileList label="File list inside project - progressing" fileListVariable="projectlistitemfiles" numFilesFoundVariable="ageingfilesprogressing" version="1.0" disabled="false">
				<fileset dir="${projectlistitem}/progressing" recursive="false" includeItems="files">
					<dateFilter>
						<include to="${AdjustDateTIme(CurrentDate(&apos;yyyy-MM-dd HH:mm:ss a&apos;), &apos;yyyy-MM-dd HH:mm:ss a&apos;, &apos;minutes&apos;, -120)}&quot;" />
					</dateFilter>
				</fileset>
			</createFileList>


			<createFileList label="File list inside project-replay" fileListVariable="projectlistitemfiles" numFilesFoundVariable="ageingfilesreplay" version="1.0" disabled="false">
				<fileset dir="${projectlistitem}/replay" recursive="false" includeItems="files">
					<dateFilter>
						<include to="${AdjustDateTIme(CurrentDate(&apos;yyyy-MM-dd HH:mm:ss a&apos;), &apos;yyyy-MM-dd HH:mm:ss a&apos;, &apos;minutes&apos;, -120)}&quot;" />
					</dateFilter>
				</fileset>
			</createFileList>


			<print label="print stuck file data" version="1.0">
				<![CDATA[ERROR,MFTERR02,,${CurrentTimestamp('yyyy-MM-dd HH:mm:ss')},${projectlistitem}/progressing,${ageingfilesprogressing},${projectlistitem}/replay,${ageingfilesreplay}${system.lineFeed}
]]>
			</print>

			<if condition="${ageingfilesprogressing == 0}">
				<if condition="${ageingfilesreplay gt 0}">

					<callProject label="Call Datacapture project" project="/project-functions-templates/DataCapture" runInSameJob="true" inheritUserVariables="true" returnUserVariables="true" mode="batch" version="1.0" />

				</if>
				<else>

					<callProject label="Call Datacapture project" project="/project-functions-templates/DataCapture" runInSameJob="true" inheritUserVariables="true" returnUserVariables="true" mode="batch" version="1.0" />

				</else>
			</if>
		</forEachLoop>
	</module>


	<module name="ProjectFailure">

		<setVariable label="var errormsg" name="errormsg" value="${system.job.error}" version="2.0" />


		<setVariable label="var dataflag 07" name="dataflag" value="07" version="2.0" />


		<callProject label="Call Datacapture project" project="/project-functions-templates/DataCapture" runInSameJob="true" inheritUserVariables="true" returnUserVariables="true" mode="batch" version="1.0" />


		<raiseError version="1.0" />

	</module>

	<description>Detects File stuck on MFT Progressing and shout an alert</description>
</project>
