<?xml version="1.0" encoding="UTF-8"?>
<project name="GAlogrotation" mainModule="Main" version="2.0" logLevel="verbose" threadSafe="false">
	<description>This project will rotate GA logs and will flush out all nodelete csv files.</description>

	<module name="CSVArchive" description="It will Archive ${MFT_Logs}/*.csv .">

		<mkdir label="Create CSV_Archive Directory" dir="${MFT_csv}/Archive/${system.currentDate}" version="1.0" onError="continue" />


		<copy label="Copy CSV files to its Archive" destDir="${MFT_csv}/Archive/${system.currentDate}" whenFileExists="error" preserveDate="true" suffix=".${CurrentTime(&apos;HHmmss&apos;)}" version="1.0" disabled="true">
			<fileset dir="${MFT_Logs}" includeItems="files" />
		</copy>


		<move label="Move CSV files to its Archive" destDir="${MFT_csv}/Archive/${system.currentDate}" whenFileExists="error" suffix=".${CurrentTime(&apos;HHmmss&apos;)}" version="1.0">
			<fileset dir="${MFT_Logs}" includeItems="files">
				<wildcardFilter>
					<include pattern="*.csv" />
				</wildcardFilter>
			</fileset>
		</move>


		<move label="Move CSV files to its Archive" destDir="${MFT_csv}/Archive/${system.currentDate}" whenFileExists="error" suffix=".${CurrentTime(&apos;HHmmss&apos;)}" version="1.0">
			<fileset dir="${GA_Logs}" includeItems="files">
				<wildcardFilter>
					<include pattern="TransferSuccessDataFilenames.csv" />
				</wildcardFilter>
			</fileset>
		</move>


		<copy label="Copy CSV files to its Archive" destDir="${MFT_csv}/Archive/${system.currentDate}" whenFileExists="error" preserveDate="true" suffix=".${CurrentTime(&apos;HHmmss&apos;)}" version="1.0" disabled="true">
			<fileset dir="${GA_Logs}" includeItems="files">
				<wildcardFilter>
					<include pattern="TransferSuccessDataFilenames.csv" />
				</wildcardFilter>
			</fileset>
		</copy>

	</module>


	<module name="Main" onError="call:ProjectFailure">

		<timestamp version="1.0" />


		<callModule label="Call CSVArchive" module="CSVArchive" version="1.0" />


		<copy label="Copy GA log -&gt; GA_Log.ddMMyyhhmmss" sourceFile="${GA_Logs}/goanywhere.log" destFile="${GA_Logs}/goanywhere.log" suffix=".${CurrentTime(&apos;ddMMyyHHmmss&apos;)}" version="1.0" disabled="false" />


		<execSSH label="Create new goanywhere.log" resourceId="LocalMFT1" command="sudo su - gauser;echo &gt; ${GA_Logs}/goanywhere.log;chmod 644 ${GA_Logs}/goanywhere.log" redirectOutputTo="ignore" errorIfCommandFails="true" version="1.0" disabled="false" />


		<delete label="Delete donotdelete csv files" version="1.0" disabled="false">
			<fileset dir="${MFT_csv}" recursive="false" includeItems="files">
				<wildcardFilter>
					<include pattern="*.donotdelete" caseSensitive="true" />
				</wildcardFilter>
			</fileset>
		</delete>


		<setVariable label="var dataflag 15" name="dataflag" value="15" version="2.0" disabled="false" />


		<callProject label="Call Datacapture project" project="/project-functions-templates/DataCapture" runInSameJob="true" inheritUserVariables="true" returnUserVariables="true" mode="batch" version="1.0" disabled="false" />

	</module>


	<module name="ProjectFailure">

		<setVariable label="var errormsg" name="errormsg" value="${system.job.error}" version="2.0" />


		<setVariable label="var dataflag 05" name="dataflag" value="05" version="2.0" />


		<callProject label="Call Datacapture project" project="/project-functions-templates/DataCapture" runInSameJob="true" inheritUserVariables="true" returnUserVariables="true" mode="batch" version="1.0" />


		<raiseError version="1.0" />

	</module>

</project>
