<?xml version="1.0" encoding="UTF-8"?>
<project name="GatewayServicefailurelog" mainModule="Main" version="2.0" logLevel="normal" threadSafe="true">

	<module name="Main" onError="call:Projectfailure">

		<execSSH label="fetch GTW Service failure log" resourceId="LocalMFT1" command="awk &apos;/Failed to connect to Gateway server/&apos; ${GA_Logs}/goanywhere.log" redirectOutputTo="file" outputFile="${MFT_csv}/${system.job.id}.gtwsvc.log" whenFileExists="error" errorIfCommandFails="true" outputFileVariable="gtwsvclogfile" version="1.0" disabled="false" />


		<copy label="Copy gtwsvclogfile gtwsvclogfile.temp" sourceFilesVariable="${gtwsvclogfile}" destDir="${MFT_csv}" whenFileExists="error" suffix=".temp_gtwsvc" version="1.0" disabled="false" />

		<if label="!Exists gtwsvclogcopyfile" condition="${FileInfo(&apos;/opt/goanywhere/transferdatacsv/gtwsvclogcopyfile.donotdelete&apos;):exists == false }" disabled="false">

			<execSSH label="create gtwsvclogcopy file" resourceId="LocalMFT1" command="touch ${MFT_csv}/gtwsvclogcopyfile.donotdelete" redirectOutputTo="ignore" whenFileExists="error" errorIfCommandFails="true" version="1.0" disabled="false" />

		</if>

		<execSSH label="create a difference file" resourceId="LocalMFT1" command="sudo chmod 604 ${gtwsvclogfile};diff ${gtwsvclogfile}  ${MFT_csv}/gtwsvclogcopyfile.donotdelete" redirectOutputTo="file" outputFile="${MFT_csv}/${system.job.id}.gtwsvc.diff.temp_gtwsvc" whenFileExists="error" errorIfCommandFails="false" outputFileVariable="difffiletemp" version="1.0" disabled="false" />


		<execSSH label="clean difference file" resourceId="LocalMFT1" command="sudo chmod 604 ${difffiletemp};awk &apos;NF&gt;1&apos; ${difffiletemp}" redirectOutputTo="file" outputFile="${MFT_csv}/${system.job.id}.gtwsvc.finaldiff.temp_gtwsvc" whenFileExists="overwrite" errorIfCommandFails="true" outputFileVariable="difffile" version="1.0" disabled="false" />


		<execSSH label="change permission diff file" resourceId="LocalMFT1" command="sudo chmod 604 ${difffile}" version="1.0" />


		<setVariable label="var dataflag == 12" name="dataflag" value="12" version="2.0" />


		<callProject label="Call Project DataCapture 12" project="/project-functions-templates/DataCapture" runInSameJob="true" inheritUserVariables="true" returnUserVariables="true" mode="batch" version="1.0" />


		<delete label="Delete all stage files" version="1.0" disabled="false">
			<fileset dir="${MFT_csv}" includeItems="files">
				<wildcardFilter>
					<include pattern="*.temp_gtwsvc" />
				</wildcardFilter>
			</fileset>
		</delete>


		<rename label="Rename gtwlogfile to gtwlogcopyfile" inputFile="${gtwsvclogfile}" newName="gtwsvclogcopyfile.donotdelete" whenFileExists="overwrite" version="1.0" disabled="false" />

	</module>

	<description>It detects Gateway disconnection from MFT and captures log .</description>

	<module name="Projectfailure">

		<setVariable label="var dataflag == 02" name="dataflag" value="02" version="2.0" />


		<setVariable label="var errormsg" name="errormsg" value="${system.job.error}" version="2.0" />


		<callProject label="Call Project DataCapture 02" project="/project-functions-templates/DataCapture" runInSameJob="true" inheritUserVariables="true" returnUserVariables="true" mode="batch" version="1.0" />


		<raiseError version="1.0" />

	</module>

</project>
