<?xml version="1.0" encoding="UTF-8"?>
<project name="GoAnywhereMonitorSchedulerTriggerfailurelog" mainModule="Main" version="2.0" logLevel="normal" threadSafe="true">

	<module name="Main" onError="call:Projectfailure">

		<execSSH label="fetch monitor failure log" resourceId="LocalMFT1" command="awk &apos;/ERROR/ &amp;&amp; /MonitorRuntime/ &amp;&amp; /Monitor/&apos; ${GA_Logs}/goanywhere.log" redirectOutputTo="file" outputFile="${MFT_csv}/${system.job.id}.monitor.log" whenFileExists="error" errorIfCommandFails="true" outputFileVariable="monitorlogfile" version="1.0" disabled="false" />


		<copy label="Copy monitorlogfile monitorlogfile.temp" sourceFilesVariable="${monitorlogfile}" destDir="${MFT_csv}" whenFileExists="error" suffix=".temp_mon" version="1.0" disabled="false" />

		<if label="!Exists monitorlogcopyfile" condition="${FileInfo(&apos;/opt/goanywhere/transferdatacsv/monitorlogcopyfile.donotdelete&apos;):exists == false }" disabled="false">

			<execSSH label="create monitorlogcopy file" resourceId="LocalMFT1" command="touch ${MFT_csv}/monitorlogcopyfile.donotdelete" redirectOutputTo="ignore" whenFileExists="error" errorIfCommandFails="true" version="1.0" disabled="false" />

		</if>

		<execSSH label="create a difference file" resourceId="LocalMFT1" command="sudo chmod 604 ${monitorlogfile};diff ${monitorlogfile} ${MFT_csv}/monitorlogcopyfile.donotdelete" redirectOutputTo="file" outputFile="${MFT_csv}/${system.job.id}.monitor.diff.temp_mon" whenFileExists="error" errorIfCommandFails="false" outputFileVariable="difffiletemp" version="1.0" disabled="false" />


		<execSSH label="clean difference file" resourceId="LocalMFT1" command="sudo chmod 604 ${difffiletemp};awk &apos;NF&gt;1&apos; ${difffiletemp}" redirectOutputTo="file" outputFile="${MFT_csv}/${system.job.id}.monitor.finaldiff.temp_mon" whenFileExists="overwrite" errorIfCommandFails="true" outputFileVariable="difffile" version="1.0" />


		<execSSH label="change permission diff file" resourceId="LocalMFT1" command="sudo chmod 604 ${difffile}" version="1.0" />


		<setVariable label="var dataflag == 13" name="dataflag" value="13" version="2.0" />


		<callProject label="Call Project DataCapture 13" project="/project-functions-templates/DataCapture" runInSameJob="true" inheritUserVariables="true" returnUserVariables="true" mode="batch" version="1.0" />


		<delete label="Delete all stage files" version="1.0" disabled="false">
			<fileset dir="${MFT_csv}" includeItems="files">
				<wildcardFilter>
					<include pattern="*.temp_mon" />
				</wildcardFilter>
			</fileset>
		</delete>


		<rename label="Rename monitorlogfile to monitorlogcopyfile" inputFile="${monitorlogfile}" newName="monitorlogcopyfile.donotdelete" whenFileExists="overwrite" version="1.0" disabled="false" />

	</module>


	<module name="Projectfailure">

		<setVariable label="var dataflag == 03" name="dataflag" value="03" version="2.0" />


		<setVariable label="var errormsg" name="errormsg" value="${system.job.error}" version="2.0" />


		<callProject label="Call Project DataCapture 03" project="/project-functions-templates/DataCapture" runInSameJob="true" inheritUserVariables="true" returnUserVariables="true" mode="batch" version="1.0" />


		<raiseError version="1.0" />

	</module>

	<description>It Detects Monitor failures and capture it in a log.</description>
</project>
