<?xml version="1.0" encoding="UTF-8"?>
<project name="ProtServicefailurelog" mainModule="Main" version="2.0" logLevel="normal" threadSafe="true">

	<module name="Main" onError="call:Projectfailure">

		<execSSH label="fetch FTPS Protocol Service failure log" resourceId="LocalMFT1" command="awk &apos;/service/ &amp;&amp; /FTPS/ &amp;&amp; /Stop/&apos; ${GA_Logs}/goanywhere.log" redirectOutputTo="file" outputFile="${MFT_csv}/${system.job.id}.protsvc.log" whenFileExists="overwrite" errorIfCommandFails="false" outputFileVariable="protsvclogfile" version="1.0" disabled="false" />


		<execSSH label="fetch SFTP Protocol Service failure log" resourceId="LocalMFT1" command="awk &apos;/service/ &amp;&amp; /SFTP/ &amp;&amp; /Stop/&apos; ${GA_Logs}/goanywhere.log" redirectOutputTo="file" outputFile="${MFT_csv}/${system.job.id}.protsvc.log" whenFileExists="append" errorIfCommandFails="false" outputFileVariable="protsvclogfile" version="1.0" disabled="false" />


		<copy label="Copy protsvclogfile protsvclogfile.temp" sourceFilesVariable="${protsvclogfile}" destDir="${MFT_csv}" whenFileExists="error" suffix=".temp_protsvc" version="1.0" disabled="false" />

		<if label="!Exists protsvclogcopyfile" condition="${FileInfo(&apos;/opt/goanywhere/transferdatacsv/protsvclogcopyfile.donotdelete&apos;):exists == false }" disabled="false">

			<execSSH label="create protsvclogcopy file" resourceId="LocalMFT1" command="touch ${MFT_csv}/protsvclogcopyfile.donotdelete" redirectOutputTo="ignore" whenFileExists="error" errorIfCommandFails="true" version="1.0" disabled="false" />

		</if>

		<execSSH label="create a difference file" resourceId="LocalMFT1" command="sudo chmod 604 ${protsvclogfile};diff ${protsvclogfile}  ${MFT_csv}/protsvclogcopyfile.donotdelete" redirectOutputTo="file" outputFile="${MFT_csv}/${system.job.id}.protsvc.diff.temp_protsvc" whenFileExists="error" errorIfCommandFails="false" outputFileVariable="difffiletemp" version="1.0" disabled="false" />


		<execSSH label="clean difference file" resourceId="LocalMFT1" command="sudo chmod 604 ${difffiletemp};awk &apos;NF&gt;1&apos; ${difffiletemp}" redirectOutputTo="file" outputFile="${MFT_csv}/${system.job.id}.protsvc.finaldiff.temp_protsvc" whenFileExists="overwrite" errorIfCommandFails="true" outputFileVariable="difffile" version="1.0" disabled="false" />


		<execSSH label="change permission diff file" resourceId="LocalMFT1" command="sudo chmod 604 ${difffile}" version="1.0" />


		<setVariable label="var dataflag == 14" name="dataflag" value="14" version="2.0" />


		<callProject label="Call Project DataCapture 14" project="/project-functions-templates/DataCapture" runInSameJob="true" inheritUserVariables="true" returnUserVariables="true" mode="batch" version="1.0" />


		<delete label="Delete all stage files" version="1.0" disabled="false">
			<fileset dir="${MFT_csv}" includeItems="files">
				<wildcardFilter>
					<include pattern="*.temp_protsvc" />
				</wildcardFilter>
			</fileset>
		</delete>


		<rename label="Rename protlogfile to protlogcopyfile" inputFile="${protsvclogfile}" newName="protsvclogcopyfile.donotdelete" whenFileExists="overwrite" version="1.0" disabled="false" />

	</module>


	<module name="Projectfailure">

		<setVariable label="var dataflag == 04" name="dataflag" value="04" version="2.0" />


		<setVariable label="var errormsg" name="errormsg" value="${system.job.error}" version="2.0" />


		<callProject label="Call Project DataCapture 04" project="/project-functions-templates/DataCapture" runInSameJob="true" inheritUserVariables="true" returnUserVariables="true" mode="batch" version="1.0" />


		<raiseError version="1.0" />

	</module>

	<description>It Detects Protocol service failures and capture it in a log.</description>
</project>
