<?xml version="1.0" encoding="UTF-8"?>
<project name="Archive_Files" mainModule="Main" version="2.0" logLevel="normal" threadSafe="true">
	<description>Generic Project for archival of the files in Projects.
Archive Location - $GADIR/userdata/archive/${projectname}/${yyyy-mm-dd}/</description>

	<module name="Main">

		<setVariable label="var lastpositionofslash = ${LastPositionOf(system.caller.project,&apos;/&apos;)}" name="lastpositionofslash" value="${LastPositionOf(system.caller.project,&apos;/&apos;)}" version="2.0" />


		<setVariable label="var callerprojectname = ${Substring(system.caller.project, lastpositionofslash+1)}" name="callerprojectname" value="${Substring(system.caller.project, lastpositionofslash+1)}" version="2.0" />


		<timestamp version="1.0" />


		<mkdir label="Create Archive Directory" dir="${MFT_Archive}/${callerprojectname}/${system.currentDate}" version="1.0" onError="continue" />


		<print label="Print filelistonprogressing" version="1.0">
			<![CDATA[$(filelistonprogressing}]]>
		</print>


		<copy label="Archive Files" sourceFilesVariable="${FilestoArchive}" destDir="${MFT_Archive}/${callerprojectname}/${system.currentDate}" whenFileExists="rename" preserveDate="false" suffix=".${CurrentTime(&apos;HHmmss&apos;)}" version="1.0" disabled="true" />

		<forEachLoop label="For each in ${filelistonprogressing}" itemsVariable="${filelistonprogressing}" currentItemVariable="eachfile">

			<copy label="Archive Files" sourceFilesVariable="${eachfile}" destDir="${MFT_Archive}/${callerprojectname}/${system.currentDate}" whenFileExists="rename" preserveDate="false" suffix=".${CurrentTime(&apos;HHmmss&apos;)}" version="1.0" />


			<print version="1.0">
				<![CDATA[***************************************
                         FILES ARCHIEVED 
***************************************
${eachfile}${system.carriageReturn}

************************************]]>
			</print>

		</forEachLoop>
	</module>

</project>
