<?xml version="1.0" encoding="UTF-8"?>
<project name="DataCapture" mainModule="Main" version="2.0" logLevel="verbose" threadSafe="true">
	<description>Ganeric Project for Datacapture for Project Sucess or Failure</description>

	<module name="GoAnywhereFIleSystemHousekeepingSuccess" description="Module to capture FileSystemHousekeeping project  data .">

		<print label="Print on FilesystemHousekeepingdata.csv" file="${MFT_Logs}/${CurrentDate(&apos;ddMMyyyy&apos;)}_FilesystemHousekeepingdata.csv" version="1.0">
			<![CDATA[PROJECTSUCCESS,${CurrentTimestamp('yyyy-MM-dd HH:mm:ss')},${system.caller.project},${system.job.id},NUMBER OF ARCHIVE FILES DELETED : ${arfilesdeletednum},NUMBER OF FILES DELETED:${gwlogfilesdeletednum},WORKSPACE DELETED : ${wkspcedeletednum},${system.lineFeed}]]>
		</print>

	</module>


	<module name="GoAnywhereFIleSystemHousekeepingfailure" description="Module to capture data in case FileSystemHousekeeping project getting failed .">

		<print label="Print on FilesystemHousekeepingdata.csv" file="${MFT_Logs}/${CurrentDate(&apos;ddMMyyyy&apos;)}_FilesystemHousekeepingdata.csv" version="1.0">
			<![CDATA[ERROR,MFTERRGEN,,${CurrentTimestamp('yyyy-MM-dd HH:mm:ss')},PROJECTERROR,${system.caller.project} ${system.job.id} ${errormsg}${system.lineFeed}
]]>
		</print>

	</module>


	<module name="GatewayServicefailurelogSuccess" description="Module to capture data in case Gateway service project is successfull .">

		<execSSH label="create CSV file" resourceId="LocalMFT1" command=" awk &apos;{print &quot;ERROR, MFTERR08,,&quot;substr($1,2),&quot;Gateway Down,&quot;, $2,$3,&quot;,&quot;,$12,$13,&quot;,&quot;,$5,$6,$7,$8,$9,$10}&apos; ${difffile} " redirectOutputTo="file" outputFile="${MFT_Logs}/${CurrentDate(&apos;ddMMyyyy&apos;)}_GTWServiceFailure.csv" whenFileExists="append" errorIfCommandFails="true" version="1.0" disabled="false" />

	</module>


	<module name="GatewayServicefailurelogFailure" description="Module to capture data in case Gateway service project is Failed .">

		<print label="Print on GTWServiceFailure.csv" file="${MFT_Logs}/${CurrentDate(&apos;ddMMyyyy&apos;)}_GTWServiceFailure.csv" version="1.0">
			<![CDATA[ERROR,MFTERRGEN,,${CurrentTimestamp('yyyy-MM-dd HH:mm:ss')},PROJECTERROR,${system.caller.project} ${system.job.id} ${errormsg}${system.lineFeed}
]]>
		</print>

	</module>


	<module name="GoAnywhereMonitorSchedulerTriggerfailurelogSuccess">

		<execSSH label="create CSV file" resourceId="LocalMFT1" command="awk &apos;{print &quot;ERROR, MFTERR04,,&quot;$2&quot; &quot;$3&quot;,&quot;,$9,&quot;,&quot;,$13,$14,$15,$16,$17$18$19$20}&apos; ${difffile}" redirectOutputTo="file" outputFile="${MFT_Logs}/${CurrentDate(&apos;ddMMyyyy&apos;)}_MonitorFailure.csv" whenFileExists="append" errorIfCommandFails="true" version="1.0" disabled="false" />

	</module>


	<module name="GoAnywhereMonitorSchedulerTriggerfailurelogFailure" description="Module to capture FileSystemHousekeeping project  data .">

		<print label="Print on MonitorFailure.csv" file="${MFT_Logs}/${CurrentDate(&apos;ddMMyyyy&apos;)}_MonitorFailure.csv" append="true" version="1.0">
			<![CDATA[ERROR,MFTERRGEN,,${CurrentTimestamp('yyyy-MM-dd HH:mm:ss')},PROJECTERROR,${system.caller.project} ${system.job.id} ${errormsg}${system.lineFeed}
]]>
		</print>

	</module>


	<module name="ProtServicefailurelogSuccess">

		<execSSH label="create CSV file" resourceId="LocalMFT1" command="awk &apos;{print &quot;ERROR, MFTERR01,,&quot;substr($1,2),&quot;Service Down,&quot;, $2,$3,&quot;,&quot;,$5,$6,$7,$8$9$10$11$12$13$14}&apos; ${difffile} " redirectOutputTo="file" outputFile="${MFT_Logs}/${CurrentDate(&apos;ddMMyyyy&apos;)}_ProtServiceFailure.csv" whenFileExists="append" errorIfCommandFails="true" version="1.0" disabled="false" />

	</module>


	<module name="ProtServicefailurelogFailure">

		<print label="Print on ProtServiceFailure.csv" file="${MFT_Logs}/${CurrentDate(&apos;ddMMyyyy&apos;)}_ProtServiceFailure.csv" append="true" version="1.0">
			<![CDATA[ERROR,MFTERRGEN,,${CurrentTimestamp('yyyy-MM-dd HH:mm:ss')},PROJECTERROR,${system.caller.project} ${system.job.id} ${errormsg}${system.lineFeed}
]]>
		</print>

	</module>


	<module name="ProxyserverfailurelogSuccess">

		<execSSH label="create CSV file" resourceId="LocalMFT1" command="awk &apos;{print &quot;ERROR, MFTERRGEN,,&quot;substr($1,2),&quot;Proxy Server Failed,&quot;, $2,$3,&quot;,&quot;,$5,$6,$7,$8$9$10$11$12$13$14}&apos; ${difffile} " redirectOutputTo="file" outputFile="${MFT_Logs}/${CurrentDate(&apos;ddMMyyyy&apos;)}_ProxyServerStartFailure.csv" whenFileExists="append" errorIfCommandFails="true" version="1.0" disabled="false" />

	</module>


	<module name="ProxyserverfailurelogFailure">

		<print label="Print on ProtServiceFailure.csv" file="${MFT_Logs}/${CurrentDate(&apos;ddMMyyyy&apos;)}_ProxyServerStartFailure.csv" append="true" version="1.0">
			<![CDATA[ERROR,MFTERRGEN,,${CurrentTimestamp('yyyy-MM-dd HH:mm:ss')},PROJECTERROR,${system.caller.project} ${system.job.id} ${errormsg}${system.lineFeed}
]]>
		</print>

	</module>


	<module name="GAlogrotationSuccess" description="Module to capture GAlogrotation project  data .">

		<print label="Print on GAlogrotationdata.csv" file="${MFT_Logs}/${CurrentDate(&apos;ddMMyyyy&apos;)}_GAlogrotationdata.csv" append="true" version="1.0">
			<![CDATA[PROJECTSUCCESS,${CurrentTimestamp('yyyy-MM-dd HH:mm:ss')},${system.caller.project},${system.job.id},${system.lineFeed}]]>
		</print>

	</module>


	<module name="GAlogrotationFailure">

		<print label="Print on GAlogrotationdata.csv" file="${MFT_Logs}/${CurrentDate(&apos;ddMMyyyy&apos;)}_GAlogrotationdata.csv" append="true" version="1.0">
			<![CDATA[ERROR,MFTERRGEN,,${CurrentTimestamp('yyyy-MM-dd HH:mm:ss')},PROJECTERROR,${system.caller.project} ${system.job.id} ${errormsg}${system.lineFeed}
]]>
		</print>

	</module>


	<module name="DatabaseServicefailurelogSuccess" description="Module to capture data in case DatabaseServicefailurelog project getting successful .">

		<execSSH label="Print on DatabaseServicefailurelogdata.csv" resourceId="LocalMFT1" command="awk &apos;{print &quot;ERROR, MFTERR07,,Database problem&quot;, $1,$2,$3,$4,$5,$6,$7,$8,$9,$10,$11,$12,$13}&apos; ${difffile} " redirectOutputTo="file" outputFile="${MFT_Logs}/${CurrentDate(&apos;ddMMyyyy&apos;)}_DatabaseServicefailurelogdata.csv" whenFileExists="append" errorIfCommandFails="true" version="1.0" disabled="false" />

	</module>


	<module name="DatabaseServicefailurelogFailure" description="Module to capture data in case DatabaseServicefailurelog project getting failed .">

		<print label="Print on DatabaseServicefailurelogdata.csv" file="${MFT_Logs}/${CurrentDate(&apos;ddMMyyyy&apos;)}_DatabaseServicefailurelogdata.csv" append="true" version="1.0">
			<![CDATA[ERROR,MFTERRGEN,,${CurrentTimestamp('yyyy-MM-dd HH:mm:ss')},PROJECTERROR,${system.caller.project} ${system.job.id} ${errormsg}${system.lineFeed}
]]>
		</print>

	</module>


	<module name="FileAgeinginMFTSuccess" description="ERROR,MFTERR02,,${CurrentTimestamp(&apos;yyyy-MM-dd HH:mm:ss&apos;)},${projectlistitem}/progressing,${ageingfilesprogressing},${projectlistitem}/replay,${ageingfilesreplay}${system.lineFeed} ">
		<if condition="${ageingfilesprogressing gt 0}">

			<print label="Print on AgeingfilesinMFTdata.csv" file="${MFT_Logs}/${CurrentDate(&apos;ddMMyyyy&apos;)}_AgeingfilesinMFTdata.csv" append="true" version="1.0">
				<![CDATA[ERROR,MFTERR02,,${CurrentTimestamp('yyyy-MM-dd HH:mm:ss')},${projectlistitem}/progressing,${ageingfilesprogressing},${system.lineFeed}]]>
			</print>

		</if>
		<if condition="${ageingfilesreplay gt 0}">

			<print label="Print on AgeingfilesinMFTdata.csv" file="${MFT_Logs}/${CurrentDate(&apos;ddMMyyyy&apos;)}_AgeingfilesinMFTdata.csv" append="true" version="1.0">
				<![CDATA[ERROR,MFTERR02,,${CurrentTimestamp('yyyy-MM-dd HH:mm:ss')},${projectlistitem}/replay,${ageingfilesreplay}${system.lineFeed}]]>
			</print>

		</if>
	</module>


	<module name="FileAgeinginMFTFailure" description="Module to capture data in case DatabaseServicefailurelog project getting failed .">

		<print label="Print on AgeingfilesinMFTdata.csv" file="${MFT_Logs}/${CurrentDate(&apos;ddMMyyyy&apos;)}_AgeingfilesinMFTdata.csv" append="true" version="1.0">
			<![CDATA[ERROR,MFTERRGEN,,${CurrentTimestamp('yyyy-MM-dd HH:mm:ss')},PROJECTERROR,${system.caller.project} ${system.job.id} ${errormsg}${system.lineFeed}
]]>
		</print>

	</module>


	<module name="JobstuckinexecutionSuccess" description="Module to capture data in case project getting failed .">

		<execSSH label="Print on Jobinstuckinexecutiondata.csv" resourceId="LocalMFT1" command="awk &apos;{print &quot;ERROR,MFTERRGEN,,DATE,JOBisSTUCK&quot;,$16,&quot; &quot;,$6,&quot; &quot;,$7,&quot; &quot;,$8,&quot; &quot;,$9,&quot; &quot;,$10,&quot; &quot;,$11,&quot; &quot;,$12,&quot; &quot;,$13,&quot; &quot;,$14,&quot; &quot;, $15,&quot; &quot;, $16}&apos; ${difffile} " redirectOutputTo="file" outputFile="${MFT_Logs}/${CurrentDate(&apos;ddMMyyyy&apos;)}_Jobinstuckinexecutiondata.csv_draft" whenFileExists="append" errorIfCommandFails="true" version="1.0" disabled="false" />

	</module>


	<module name="JobstuckinexecutionFailure" description="Module to capture data in case project getting failed .">

		<print label="Print on Jobinstuckinexecutiondata.csv" file="${MFT_Logs}/${CurrentDate(&apos;ddMMyyyy&apos;)}_Jobinstuckinexecutiondata.csv_draft" append="true" version="1.0">
			<![CDATA[ERROR,MFTERRGEN,,${CurrentTimestamp('yyyy-MM-dd HH:mm:ss')},PROJECTERROR,${system.caller.project} ${system.job.id} ${errormsg}${system.lineFeed}
]]>
		</print>

	</module>


	<module name="Main">
		<if condition="${ dataflag == 01 }">

			<callModule label="Call Module GoAnywhereFIleSystemHousekeepingFailure" module="GoAnywhereFIleSystemHousekeepingFailure" version="1.0" />

		</if>
		<if condition="${ dataflag == 11 }">

			<callModule label="Call Module GoAnywhereFIleSystemHousekeepingSuccess" module="GoAnywhereFIleSystemHousekeepingSuccess" version="1.0" />

		</if>
		<if condition="${ dataflag == 12 }">

			<callModule label="Call Module GatewayServicefailurelogSuccess" module="GatewayServicefailurelogSuccess" version="1.0" />

		</if>
		<if condition="${ dataflag == 02 }">

			<callModule label="Call Module GatewayServicefailurelogFailure" module="GatewayServicefailurelogFailure" version="1.0" />

		</if>
		<if condition="${ dataflag == 13 }">

			<callModule label="Call Module GoAnywhereMonitorSchedulerTriggerfailurelogSuccess" module="GoAnywhereMonitorSchedulerTriggerfailurelogSuccess" version="1.0" />

		</if>
		<if condition="${ dataflag == 03 }">

			<callModule label="Call Module GoAnywhereMonitorSchedulerTriggerfailurelogFailure" module="GoAnywhereMonitorSchedulerTriggerfailurelogFailure" version="1.0" />

		</if>
		<if condition="${ dataflag == 14 }">

			<callModule label="Call Module ProtServicefailurelogSuccess" module="ProtServicefailurelogSuccess" version="1.0" />

		</if>
		<if condition="${ dataflag == 04 }">

			<callModule label="Call Module ProtServicefailurelogFailure" module="ProtServicefailurelogFailure" version="1.0" />

		</if>
		<if condition="${ dataflag == 15 }">

			<callModule label="Call Module GAlogrotationSuccess" module="GAlogrotationSuccess" version="1.0" />

		</if>
		<if condition="${ dataflag == 05 }">

			<callModule label="Call Module GAlogrotationFailure" module="GAlogrotationFailure" version="1.0" />

		</if>
		<if condition="${ dataflag == 16 }">

			<callModule label="Call Module DatabaseServicefailurelogSuccess" module="DatabaseServicefailurelogSuccess" version="1.0" />

		</if>
		<if condition="${ dataflag == 06 }">

			<callModule label="Call Module DatabaseServicefailurelogFailure" module="DatabaseServicefailurelogFailure" version="1.0" />

		</if>
		<if condition="${ dataflag == 07 }">

			<callModule label="Call Module FileAgeinginMFTFailure" module="FileAgeinginMFTFailure" version="1.0" />

		</if>
		<if condition="${ dataflag == 17 }">

			<callModule label="Call Module FileAgeinginMFTSuccess" module="FileAgeinginMFTSuccess" version="1.0" />

		</if>
		<if condition="${ dataflag == 08 }">

			<callModule label="Call Module JobstuckinexecutionFailure" module="JobstuckinexecutionFailure" version="1.0" />

		</if>
		<if condition="${ dataflag == 18 }">

			<callModule label="Call Module JobstuckinexecutionSuccess" module="JobstuckinexecutionSuccess" version="1.0" />

		</if>
		<if condition="${ dataflag == 19 }">

			<callModule label="Call Module ProxyserverfailurelogSuccess" module="ProxyserverfailurelogSuccess" version="1.0" />

		</if>
		<if condition="${ dataflag == 09 }">

			<callModule label="Call Module ProxyserverfailurelogFailure" module="ProxyserverfailurelogFailure" version="1.0" />

		</if>
	</module>

</project>
