<?xml version="1.0" encoding="UTF-8"?>
<project name="EmailNotifications" mainModule="Main" version="2.0" logLevel="normal" threadSafe="true">

	<module name="Main" description="This is the entry point Main Module" onError="call:SendFailure">

		<setVariable label="var lastpositionofslash = ${LastPositionOf(system.caller.project,&apos;/&apos;)}" name="lastpositionofslash" value="${LastPositionOf(system.caller.project,&apos;/&apos;)}" version="1.0" />


		<setVariable label="var  callerprojectname = ${Substring(system.caller.project, lastpositionofslash+1)}" name="callerprojectname" value="${Substring(system.caller.project, lastpositionofslash+1)}" version="1.0" />

		<if label="0 call EmailN_for_with_message_only" condition="${ emailflag ==0 }" disabled="false">

			<callModule label="call EmailN_for_with_message_only" module="EmailN_for_with_message_only" version="1.0" />

		</if>
		<if label="00 call EmailN_for_NoFiles" condition="${ emailflag ==00 and filelistonsrcservernum == 0}">

			<callModule label="call EmailN_for_NoFiles" module="EmailN_for_NoFiles" version="1.0" />

		</if>
		<if label="01 call EmailN_for_FileTransfer_failure" condition="${ emailflag ==01 }">

			<callModule label="call EmailN_for_FileTransfer_failure" module="EmailN_for_FileTransfer_failure" version="1.0" />

		</if>
		<if label="02 call EmailN_for_FileTransfer_failure_with_attatchment" condition="${ emailflag ==02 }">

			<callModule label="call EmailN_for_FileTransfer_failure_with_attatchment" module="EmailN_for_FileTransfer_failure_with_attatchment" version="1.0" />

		</if>
		<if label="11 call EmailN_for_FileTransfer_success" condition="${ emailflag ==11 and filelistonsrcservernum &gt; 0}">

			<callModule label="call EmailN_for_FileTransfer_success" module="EmailN_for_FileTransfer_success" version="1.0" />

		</if>
		<if label="12 call EmailN_for_FileTransfer_success_with_attatchment" condition="${ emailflag ==12 and filelistonsrcservernum &gt; 0}">

			<callModule label="call EmailN_for_FileTransfer_success_with_attatchment" module="EmailN_for_FileTransfer_success_with_attatchment" version="1.0" />

		</if>
		<if condition="${ emailflag ==14 }" disabled="true" />
	</module>


	<module name="EmailN_for_FileTransfer_success" description="Email will be send for Project with file transfer Success  " onError="call:SendFailure">

		<setVariable label="var lastpositionofslash = ${LastPositionOf(system.caller.project,&apos;/&apos;)}" name="lastpositionofslash" value="${LastPositionOf(system.caller.project,&apos;/&apos;)}" version="1.0" />


		<setVariable label="var  callerprojectname = ${Substring(system.caller.project, lastpositionofslash+1)}" name="callerprojectname" value="${Substring(system.caller.project, lastpositionofslash+1)}" version="1.0" />


		<setVariable label="Init FileList filenames" name="filenames" value="${system.emptyString}" version="2.0" />

		<forEachLoop itemsVariable="${filelistonprogressing}" currentItemVariable="eachfile">

			<setVariable label="Update FileList filenames" name="filenames" value="${filenames}${system.lineFeed}${eachfile:name}" version="2.0" />

		</forEachLoop>

		<sendEmail resourceId="AtosSMTP" toList="${mailerlist}" version="1.0">
			<subject>
				<![CDATA[Job ${callerprojectname} completed successfully in ${system.environment}]]>
			</subject>
			<from address="noreply@royalmail.com" />
			<message contentType="text/html" charset="utf-8">
				<![CDATA[        <html>
        <style type="text/css">
        /* CLIENT-SPECIFIC STYLES */
        #outlook a {
                padding: 0;
        } /* Force Outlook to provide a "view in browser" message */
        .ReadMsgBody {
                width: 100%;
        }
        .ExternalClass {
                width: 100%;
        } /* Force Hotmail to display emails at full width */
        .ExternalClass, .ExternalClass p, .ExternalClass span, .ExternalClass font, .ExternalClass td, .ExternalClass div {
                line-height: 100%;
        } /* Force Hotmail to display normal line spacing */
        body, table, td, a, img {
                -webkit-text-size-adjust: 100%;
                -ms-text-size-adjust: 100%;
                font-family: verdana, geneva, sans-serif;
                font-size: 16px;
                text-decoration: none;
                color: #333333;
                margin: 0px;
        } /* Prevent WebKit and Windows mobile changing default text sizes */
        table, td {
                mso-table-lspace: 0pt;
                mso-table-rspace: 0pt;
        } /* Remove spacing between tables in Outlook 2007 and up */
        img {
                -ms-interpolation-mode: bicubic;
        } /* Allow smoother rendering of resized image in Internet Explorer */
        /* RESET STYLES */
        body {
                margin: 0;
                padding: 0;
        }
        img {
                border: 0;
                height: auto;
                line-height: 100%;
                outline: none;
        }
        table {
                border-collapse: collapse !important;
        }
        body {
                height: 100% !important;
                margin: 0;
                padding: 0;
                width: 100% !important;
        }
        /* iOS BLUE LINKS */
        .appleBody a {
                color: #0072C6;
                text-decoration: none;
        }
        .appleFooter a {
                color: #777777;
        }

        /* GMAIL STYLES */
        u + #body a {
    color: inherit;
    text-decoration: none;
    font-size: inherit;
    font-family: inherit;
    font-weight: inherit;
    line-height: inherit;
}

        /* MOBILE STYLES */
        @media screen and (max-width: 525px) {
                /* ALLOWS FOR FLUID TABLES */
                table[class="wrapper"] {
                        width: 100% !important;
                }
                /* ADJUSTS LAYOUT OF LOGO IMAGE */
                td[class="logo"] {
                        text-align: center;
                        padding: 5px 0 5px 0 !important;
                }
                td[class="logo"] img {
                        margin: 0 auto!important;
                }
                /* USE THESE CLASSES TO HIDE CONTENT ON MOBILE */
                td[class="mobile-hide"] {
                        display: none;
                }
                img[class="mobile-hide"] {
                        display: none !important;
                }
                img[class="img-max"] {
                        max-width: 100% !important;
                        height: auto !important;
                }
                /* FULL-WIDTH TABLES */
                table[class="responsive-table"] {
                        width: 100%!important;
                }
                /* UTILITY CLASSES FOR ADJUSTING PADDING ON MOBILE */
                td[class="padding"] {
                        padding: 10px 5% 15px 5% !important;
                }
                td[class="padding-copy"] {
                        padding: 30px 5% 20px 5% !important;
                        text-align: center;
                }
                td[class="padding-copy-headline"] {
                        padding: 5px 5% 0px 5% !important;
                        text-align: center;
                }
                td[class="padding-copy-subhead"] {
                        padding: 10px 5% 30px 5% !important;
                        text-align: center;
                }
                td[class="padding-copy-hero"] {
                        padding: 0px 5% 5px 5% !important;
                        text-align: center;
                }
                td[class="padding-meta"] {
                        padding: 30px 5% 0px 5% !important;
                        text-align: center;
                }
                td[class="no-pad"] {
                        padding: 0 0 20px 0 !important;
                td[class="no-padding"] {
                        padding: 0 !important;
                }
                td[class="section-padding"] {
                        padding: 25px 15px 0px 15px !important;
                }
                td[class="section-padding-button"] {
                        padding: 30px 15px 30px 15px !important;
                }
                td[class="section-padding-bottom-image"] {
                        padding: 20px 15px 0 15px !important;
                }
                /* ADJUST BUTTONS ON MOBILE */
                td[class="mobile-wrapper"] {
                        padding: 10px 5% 15px 5% !important;
                }
                table[class="mobile-button-container"] {
                        margin: 0 auto;
                        width: 100% !important;
                }
                a[class="mobile-button"] {
                        width: 80% !important;
                        padding: 15px !important;
                        border: 0 !important;
                        font-size: 16px !important;
                }
        }
}
        </style>
        <body id="body">
                        <table border="0" cellpadding="0" cellspacing="0" width="100%" style="min-width: 100%">
                                <tr>
                                        <td bgcolor="#4a87b5" valign="top" align="center" style="padding: 40px 15px 40px 15px;" class="section-padding">
                                                <table border="0" cellpadding="0" cellspacing="0" width="75%" class="responsive-table">
                                                        <tr>
                                                                <td class="padding-copy-hero">
                                                                        <table width="100%" border="0" cellspacing="0" cellpadding="0">
                                                                                <tr>
                                                                                        <td height="53" align="center" class="padding-copy-subhead" style="font-family: Verdana, Geneva, sans-serif; color:#FFFFFF; font-size:28px; line-height:30px; padding: 0px 5px; font-weight:bold;">Transfer Job Completed Normally</td>
                                                                                </tr>
                                                                        </table>
                                                                </td>
                                                        </tr>
                                                </table>
                                        </td>
                                </tr>
                        </table>
                        <table border="0" cellpadding="0" cellspacing="0" width="100%" style="min-width: 100%">
                        <tr><td style="padding-top: 8px" /></tr>
                        <tr>
                                <td bgcolor="#FFFFFF" align="center" class="section-padding-button">
                                        <table border="0" cellpadding="0" cellspacing="0" width="75%" class="responsive-table">
                                                <tr>
                                                        <td align="center" style="font-family: Verdana, Geneva, sans-serif; color: #333333; font-size: 16px; line-height: 26px; text-decoration: none;">Job Details</td>
                                                </tr>
                                                <tr><td style="padding-top: 16px" /></tr>
                                                <tr>
                                                        <td align="center" style="font-family: Verdana, Geneva, sans-serif; color: #333333; font-size: 16px; line-height: 26px; text-decoration: none;">
                                                                <table border="0" cellpadding="0" cellspacing="0" style="font-family: verdana, arial, helvetica, sans-serif;font-size: 12px;">
<tr>
                                                                                <td style="padding-bottom: 3px; padding-right: 25px;"><b>Monitor Name:</b></td>
                                                                                <td>M_${callerprojectname}</td>
                                                                        </tr>
                                                                        <tr>
                                                                                <td style="padding-bottom: 3px; padding-right: 25px;"><b>Project Name:</b></td>
                                                                                <td>${callerprojectname}</td>
                                                                        </tr>
                                                                        <tr>
                                                                                <td style="padding-bottom: 3px; padding-right: 25px;"><b>Job Number or Id: </b></td>
                                                                                <td>${system.caller.id}</td>
                                                                        </tr>
                                                                        <tr>
                                                                                <td style="padding-bottom: 3px; padding-right: 25px;"><b>Source</b></td>
                                                                                <td>${sourceserver} </td>
                                                                        </tr>
                                                                        <tr>
                                                                                <td style="padding-bottom: 3px; padding-right: 25px;"><b>Source Path</b></td>
                                                                                <td>${sourcepath}</td>
                                                                        </tr>
                                                                        <tr>
                                                                                <td style="padding-bottom: 3px; padding-right: 25px;"><b>Target</b></td>
                                                                                <td>${targetserver}</td>
                                                                        </tr>
                                                                        <tr>
                                                                                <td style="padding-bottom: 3px; padding-right: 25px;"><b>Target Path </b></td>
                                                                                <td>${targetpath}</td>
                                                                        </tr>
                                                                         <tr>
                                                                                <td style="padding-bottom: 3px; padding-right: 25px;"><b>File Count Transferred</b></td>
                                                                                <td>${filelistonprogressingnum}</td>
                                                                        </tr>
                                                                         <tr>
                                                                                <td style="padding-bottom: 3px; padding-right: 25px;"><b>Files Transferred</b></td>
                                                                                <td>${filenames}</td>
                                                                        </tr>
                                                                </table>
                                                        </td>
                                                </tr>
                                                <tr><td style="padding-top: 36px" /></tr>
                                        </table>
                                </td>
                        </tr>
                </table>
                <table border="0" cellpadding="0" cellspacing="0" width="100%" style="min-width:100%;">
                        <tr>
                                <td bgcolor="#3b3b3b" align="center">
                                        <table cellpadding="0" cellspacing="0" width="100%" border="0" class="resonsive-table">
                                                <tr>
                                                        <td align="center">
                                                                <table cellspacing="0" cellpadding="0" border="0" width="75%" class="responsive-table">
                                                                        <tr><td style="padding-top: 24px" /></tr>
                                                                        <tr>
                                                                                <td align="center" style="font-family: Verdana, Geneva, sans-serif; color: #777777; font-size: 9px;">Powered by <a href="https://www.goanywhere.com/powered-by" style="color: #777777; font-size: 9px; text-decoration: underline; text-decoration-color: #777777">GoAnywhere</a></td>
                                                                        </tr>
                                                                        <tr><td style="padding-top: 24px" /></tr>
                                                                </table>
                                                        </td>
                                                </tr>
                                        </table>
                                </td>
                        </tr>
                </table>
        </body>
</html>

        ]]>
			</message>
		</sendEmail>

	</module>


	<module name="EmailN_for_FileTransfer_failure" description="Email will be send for Project with file transfer failure with joblog as attachment " onError="call:SendFailure">

		<setVariable label="var lastpositionofslash = ${LastPositionOf(system.caller.project,&apos;/&apos;)}" name="lastpositionofslash" value="${LastPositionOf(system.caller.project,&apos;/&apos;)}" version="1.0" />


		<setVariable label="var  callerprojectname = ${Substring(system.caller.project, lastpositionofslash+1)}" name="callerprojectname" value="${Substring(system.caller.project, lastpositionofslash+1)}" version="1.0" />


		<sendEmail resourceId="AtosSMTP" toList="${mailerlist}" version="1.0">
			<subject>
				<![CDATA[Job ${callerprojectname} FAILED in ${system.environment}]]>
			</subject>
			<from address="noreply@royalmail.com" />
			<message contentType="text/html" charset="utf-8">
				<![CDATA[        <html>
        <style type="text/css">
        /* CLIENT-SPECIFIC STYLES */
        #outlook a {
                padding: 0;
        } /* Force Outlook to provide a "view in browser" message */
        .ReadMsgBody {
                width: 100%;
        }
        .ExternalClass {
                width: 100%;
        } /* Force Hotmail to display emails at full width */
        .ExternalClass, .ExternalClass p, .ExternalClass span, .ExternalClass font, .ExternalClass td, .ExternalClass div {
                line-height: 100%;
        } /* Force Hotmail to display normal line spacing */
        body, table, td, a, img {
                -webkit-text-size-adjust: 100%;
                -ms-text-size-adjust: 100%;
                font-family: verdana, geneva, sans-serif;
                font-size: 16px;
                text-decoration: none;
                color: #333333;
                margin: 0px;
        } /* Prevent WebKit and Windows mobile changing default text sizes */
        table, td {
                mso-table-lspace: 0pt;
                mso-table-rspace: 0pt;
        } /* Remove spacing between tables in Outlook 2007 and up */
        img {
                -ms-interpolation-mode: bicubic;
        } /* Allow smoother rendering of resized image in Internet Explorer */
        /* RESET STYLES */
        body {
                margin: 0;
                padding: 0;
        }
        img {
                border: 0;
                height: auto;
                line-height: 100%;
                outline: none;
        }
        table {
                border-collapse: collapse !important;
        }
        body {
                height: 100% !important;
                margin: 0;
                padding: 0;
                width: 100% !important;
        }
        /* iOS BLUE LINKS */
        .appleBody a {
                color: #0072C6;
                text-decoration: none;
        }
        .appleFooter a {
                color: #777777;
        }

        /* GMAIL STYLES */
        u + #body a {
    color: inherit;
    text-decoration: none;
    font-size: inherit;
    font-family: inherit;
    font-weight: inherit;
    line-height: inherit;
}

        /* MOBILE STYLES */
        @media screen and (max-width: 525px) {
                /* ALLOWS FOR FLUID TABLES */
                table[class="wrapper"] {
                        width: 100% !important;
                }
                /* ADJUSTS LAYOUT OF LOGO IMAGE */
                td[class="logo"] {
                        text-align: center;
                        padding: 5px 0 5px 0 !important;
                }
                td[class="logo"] img {
                        margin: 0 auto!important;
                }
                /* USE THESE CLASSES TO HIDE CONTENT ON MOBILE */
                td[class="mobile-hide"] {
                        display: none;
                }
                img[class="mobile-hide"] {
                        display: none !important;
                }
                img[class="img-max"] {
                        max-width: 100% !important;
                        height: auto !important;
                }
                /* FULL-WIDTH TABLES */
                table[class="responsive-table"] {
                        width: 100%!important;
                }
                /* UTILITY CLASSES FOR ADJUSTING PADDING ON MOBILE */
                td[class="padding"] {
                        padding: 10px 5% 15px 5% !important;
                }
                td[class="padding-copy"] {
                        padding: 30px 5% 20px 5% !important;
                        text-align: center;
                }
                td[class="padding-copy-headline"] {
                        padding: 5px 5% 0px 5% !important;
                        text-align: center;
                }
                td[class="padding-copy-subhead"] {
                        padding: 10px 5% 30px 5% !important;
                        text-align: center;
                }
                td[class="padding-copy-hero"] {
                        padding: 0px 5% 5px 5% !important;
                        text-align: center;
                }
                td[class="padding-meta"] {
                        padding: 30px 5% 0px 5% !important;
                        text-align: center;
                }
                td[class="no-pad"] {
                        padding: 0 0 20px 0 !important;
                td[class="no-padding"] {
                        padding: 0 !important;
                }
                td[class="section-padding"] {
                        padding: 25px 15px 0px 15px !important;
                }
                td[class="section-padding-button"] {
                        padding: 30px 15px 30px 15px !important;
                }
                td[class="section-padding-bottom-image"] {
                        padding: 20px 15px 0 15px !important;
                }
                /* ADJUST BUTTONS ON MOBILE */
                td[class="mobile-wrapper"] {
                        padding: 10px 5% 15px 5% !important;
                }
                table[class="mobile-button-container"] {
                        margin: 0 auto;
                        width: 100% !important;
                }
                a[class="mobile-button"] {
                        width: 80% !important;
                        padding: 15px !important;
                        border: 0 !important;
                        font-size: 16px !important;
                }
        }
}
        </style>
        <body id="body">
                        <table border="0" cellpadding="0" cellspacing="0" width="100%" style="min-width: 100%">
                                <tr>
                                        <td bgcolor="#FF0000" valign="top" align="center" style="padding: 40px 15px 40px 15px;" class="section-padding">
                                                <table border="0" cellpadding="0" cellspacing="0" width="75%" class="responsive-table">
                                                        <tr>
                                                                <td class="padding-copy-hero">
                                                                        <table width="100%" border="0" cellspacing="0" cellpadding="0">
                                                                                <tr>
                                                                                        <td height="53" align="center" class="padding-copy-subhead" style="font-family: Verdana, Geneva, sans-serif; color:#FFFFFF; font-size:28px; line-height:30px; padding: 0px 5px; font-weight:bold;">Transfer Job Failed</td>
                                                                                </tr>
                                                                        </table>
                                                                </td>
                                                        </tr>
                                                </table>
                                        </td>
                                </tr>
                        </table>
                        <table border="0" cellpadding="0" cellspacing="0" width="100%" style="min-width: 100%">
                        <tr><td style="padding-top: 8px" /></tr>
                        <tr>
                                <td bgcolor="#FFFFFF" align="center" class="section-padding-button">
                                        <table border="0" cellpadding="0" cellspacing="0" width="75%" class="responsive-table">
                                                <tr>
                                                        <td align="center" style="font-family: Verdana, Geneva, sans-serif; color: #333333; font-size: 16px; line-height: 26px; text-decoration: none;">Job Details</td>
                                                </tr>
                                                <tr><td style="padding-top: 16px" /></tr>
                                                <tr>
                                                        <td align="center" style="font-family: Verdana, Geneva, sans-serif; color: #333333; font-size: 16px; line-height: 26px; text-decoration: none;">
                                                                <table border="0" cellpadding="0" cellspacing="0" style="font-family: verdana, arial, helvetica, sans-serif;font-size: 12px;">
<tr>
                                                                                <td style="padding-bottom: 3px; padding-right: 25px;"><b>Monitor Name:</b></td>
                                                                                <td>M_${callerprojectname}</td>
                                                                        </tr>
                                                                        <tr>
                                                                                <td style="padding-bottom: 3px; padding-right: 25px;"><b>Project Name:</b></td>
                                                                                <td>${callerprojectname}</td>
                                                                        </tr>
                                                                        <tr>
                                                                                <td style="padding-bottom: 3px; padding-right: 25px;"><b>Job Number or Id: </b></td>
                                                                                <td>${system.caller.id}</td>
                                                                        </tr>
                                                                        <tr>
                                                                                <td style="padding-bottom: 3px; padding-right: 25px;"><b>Error Message</b></td>
                                                                                <td>${errormsg}</td>
                                                                        </tr>
                                                                        
                                                                </table>
                                                        </td>
                                                </tr>
                                                <tr><td style="padding-top: 36px" /></tr>
                                        </table>
                                </td>
                        </tr>
                </table>
                <table border="0" cellpadding="0" cellspacing="0" width="100%" style="min-width:100%;">
                        <tr>
                                <td bgcolor="#3b3b3b" align="center">
                                        <table cellpadding="0" cellspacing="0" width="100%" border="0" class="resonsive-table">
                                                <tr>
                                                        <td align="center">
                                                                <table cellspacing="0" cellpadding="0" border="0" width="75%" class="responsive-table">
                                                                        <tr><td style="padding-top: 24px" /></tr>
                                                                        <tr>
                                                                                <td align="center" style="font-family: Verdana, Geneva, sans-serif; color: #777777; font-size: 9px;">Powered by <a href="https://www.goanywhere.com/powered-by" style="color: #777777; font-size: 9px; text-decoration: underline; text-decoration-color: #777777">GoAnywhere</a></td>
                                                                        </tr>
                                                                        <tr><td style="padding-top: 24px" /></tr>
                                                                </table>
                                                        </td>
                                                </tr>
                                        </table>
                                </td>
                        </tr>
                </table>
        </body>
</html>

        ]]>
			</message>
		</sendEmail>

	</module>


	<module name="EmailN_for_NoFiles" description="Email will be send for Project with No Files present on any path" onError="call:SendFailure">

		<setVariable label="var lastpositionofslash = ${LastPositionOf(system.caller.project,&apos;/&apos;)}" name="lastpositionofslash" value="${LastPositionOf(system.caller.project,&apos;/&apos;)}" version="1.0" />


		<setVariable label="var  callerprojectname = ${Substring(system.caller.project, lastpositionofslash+1)}" name="callerprojectname" value="${Substring(system.caller.project, lastpositionofslash+1)}" version="1.0" />


		<sendEmail resourceId="AtosSMTP" toList="${mailerlist}" version="1.0">
			<subject>
				<![CDATA[Job ${callerprojectname} Completed in ${system.environment}. NO FILES FOUND AT SOURCE]]>
			</subject>
			<from address="noreply@royalmail.com" />
			<message contentType="text/html" charset="utf-8">
				<![CDATA[        <html>
        <style type="text/css">
        /* CLIENT-SPECIFIC STYLES */
        #outlook a {
                padding: 0;
        } /* Force Outlook to provide a "view in browser" message */
        .ReadMsgBody {
                width: 100%;
        }
        .ExternalClass {
                width: 100%;
        } /* Force Hotmail to display emails at full width */
        .ExternalClass, .ExternalClass p, .ExternalClass span, .ExternalClass font, .ExternalClass td, .ExternalClass div {
                line-height: 100%;
        } /* Force Hotmail to display normal line spacing */
        body, table, td, a, img {
                -webkit-text-size-adjust: 100%;
                -ms-text-size-adjust: 100%;
                font-family: verdana, geneva, sans-serif;
                font-size: 16px;
                text-decoration: none;
                color: #333333;
                margin: 0px;
        } /* Prevent WebKit and Windows mobile changing default text sizes */
        table, td {
                mso-table-lspace: 0pt;
                mso-table-rspace: 0pt;
        } /* Remove spacing between tables in Outlook 2007 and up */
        img {
                -ms-interpolation-mode: bicubic;
        } /* Allow smoother rendering of resized image in Internet Explorer */
        /* RESET STYLES */
        body {
                margin: 0;
                padding: 0;
        }
        img {
                border: 0;
                height: auto;
                line-height: 100%;
                outline: none;
        }
        table {
                border-collapse: collapse !important;
        }
        body {
                height: 100% !important;
                margin: 0;
                padding: 0;
                width: 100% !important;
        }
        /* iOS BLUE LINKS */
        .appleBody a {
                color: #0072C6;
                text-decoration: none;
        }
        .appleFooter a {
                color: #777777;
        }

        /* GMAIL STYLES */
        u + #body a {
    color: inherit;
    text-decoration: none;
    font-size: inherit;
    font-family: inherit;
    font-weight: inherit;
    line-height: inherit;
}

        /* MOBILE STYLES */
        @media screen and (max-width: 525px) {
                /* ALLOWS FOR FLUID TABLES */
                table[class="wrapper"] {
                        width: 100% !important;
                }
                /* ADJUSTS LAYOUT OF LOGO IMAGE */
                td[class="logo"] {
                        text-align: center;
                        padding: 5px 0 5px 0 !important;
                }
                td[class="logo"] img {
                        margin: 0 auto!important;
                }
                /* USE THESE CLASSES TO HIDE CONTENT ON MOBILE */
                td[class="mobile-hide"] {
                        display: none;
                }
                img[class="mobile-hide"] {
                        display: none !important;
                }
                img[class="img-max"] {
                        max-width: 100% !important;
                        height: auto !important;
                }
                /* FULL-WIDTH TABLES */
                table[class="responsive-table"] {
                        width: 100%!important;
                }
                /* UTILITY CLASSES FOR ADJUSTING PADDING ON MOBILE */
                td[class="padding"] {
                        padding: 10px 5% 15px 5% !important;
                }
                td[class="padding-copy"] {
                        padding: 30px 5% 20px 5% !important;
                        text-align: center;
                }
                td[class="padding-copy-headline"] {
                        padding: 5px 5% 0px 5% !important;
                        text-align: center;
                }
                td[class="padding-copy-subhead"] {
                        padding: 10px 5% 30px 5% !important;
                        text-align: center;
                }
                td[class="padding-copy-hero"] {
                        padding: 0px 5% 5px 5% !important;
                        text-align: center;
                }
                td[class="padding-meta"] {
                        padding: 30px 5% 0px 5% !important;
                        text-align: center;
                }
                td[class="no-pad"] {
                        padding: 0 0 20px 0 !important;
                td[class="no-padding"] {
                        padding: 0 !important;
                }
                td[class="section-padding"] {
                        padding: 25px 15px 0px 15px !important;
                }
                td[class="section-padding-button"] {
                        padding: 30px 15px 30px 15px !important;
                }
                td[class="section-padding-bottom-image"] {
                        padding: 20px 15px 0 15px !important;
                }
                /* ADJUST BUTTONS ON MOBILE */
                td[class="mobile-wrapper"] {
                        padding: 10px 5% 15px 5% !important;
                }
                table[class="mobile-button-container"] {
                        margin: 0 auto;
                        width: 100% !important;
                }
                a[class="mobile-button"] {
                        width: 80% !important;
                        padding: 15px !important;
                        border: 0 !important;
                        font-size: 16px !important;
                }
        }
}
        </style>
        <body id="body">
                        <table border="0" cellpadding="0" cellspacing="0" width="100%" style="min-width: 100%">
                                <tr>
                                        <td bgcolor="#E9967A" valign="top" align="center" style="padding: 40px 15px 40px 15px;" class="section-padding">
                                                <table border="0" cellpadding="0" cellspacing="0" width="75%" class="responsive-table">
                                                        <tr>
                                                                <td class="padding-copy-hero">
                                                                        <table width="100%" border="0" cellspacing="0" cellpadding="0">
                                                                                <tr>
                                                                                        <td height="53" align="center" class="padding-copy-subhead" style="font-family: Verdana, Geneva, sans-serif; color:#FFFFFF; font-size:28px; line-height:30px; padding: 0px 5px; font-weight:bold;">Transfer Job Completed. No Files Found At Source</td>
                                                                                </tr>
                                                                        </table>
                                                                </td>
                                                        </tr>
                                                </table>
                                        </td>
                                </tr>
                        </table>
                        <table border="0" cellpadding="0" cellspacing="0" width="100%" style="min-width: 100%">
                        <tr><td style="padding-top: 8px" /></tr>
                        <tr>
                                <td bgcolor="#FFFFFF" align="center" class="section-padding-button">
                                        <table border="0" cellpadding="0" cellspacing="0" width="75%" class="responsive-table">
                                                <tr>
                                                        <td align="center" style="font-family: Verdana, Geneva, sans-serif; color: #333333; font-size: 16px; line-height: 26px; text-decoration: none;">Job Details</td>
                                                </tr>
                                                <tr><td style="padding-top: 16px" /></tr>
                                                <tr>
                                                        <td align="center" style="font-family: Verdana, Geneva, sans-serif; color: #333333; font-size: 16px; line-height: 26px; text-decoration: none;">
                                                                <table border="0" cellpadding="0" cellspacing="0" style="font-family: verdana, arial, helvetica, sans-serif;font-size: 12px;">
<tr>
                                                                                <td style="padding-bottom: 3px; padding-right: 25px;"><b>Monitor Name:</b></td>
                                                                                <td>M_${callerprojectname}</td>
                                                                        </tr>
                                                                        <tr>
                                                                                <td style="padding-bottom: 3px; padding-right: 25px;"><b>Project Name:</b></td>
                                                                                <td>${callerprojectname}</td>
                                                                        </tr>
                                                                        <tr>
                                                                                <td style="padding-bottom: 3px; padding-right: 25px;"><b>Job Number or Id: </b></td>
                                                                                <td>${system.caller.id}</td>
                                                                        </tr>
                                                                        <tr>
                                                                                <td style="padding-bottom: 3px; padding-right: 25px;"><b>File Count Transferred</b></td>
                                                                                <td>${filelistonsrcservernum}</td>
                                                                        </tr>
                                                                        
                                                                </table>
                                                        </td>
                                                </tr>
                                                <tr><td style="padding-top: 36px" /></tr>
                                        </table>
                                </td>
                        </tr>
                </table>
                <table border="0" cellpadding="0" cellspacing="0" width="100%" style="min-width:100%;">
                        <tr>
                                <td bgcolor="#3b3b3b" align="center">
                                        <table cellpadding="0" cellspacing="0" width="100%" border="0" class="resonsive-table">
                                                <tr>
                                                        <td align="center">
                                                                <table cellspacing="0" cellpadding="0" border="0" width="75%" class="responsive-table">
                                                                        <tr><td style="padding-top: 24px" /></tr>
                                                                        <tr>
                                                                                <td align="center" style="font-family: Verdana, Geneva, sans-serif; color: #777777; font-size: 9px;">Powered by <a href="https://www.goanywhere.com/powered-by" style="color: #777777; font-size: 9px; text-decoration: underline; text-decoration-color: #777777">GoAnywhere</a></td>
                                                                        </tr>
                                                                        <tr><td style="padding-top: 24px" /></tr>
                                                                </table>
                                                        </td>
                                                </tr>
                                        </table>
                                </td>
                        </tr>
                </table>
        </body>
</html>

        ]]>
			</message>
		</sendEmail>

	</module>


	<module name="EmailN_for_with_message_only" description="Email to send with just message on it ." onError="call:SendFailure">

		<setVariable label="var lastpositionofslash = ${LastPositionOf(system.caller.project,&apos;/&apos;)}" name="lastpositionofslash" value="${LastPositionOf(system.caller.project,&apos;/&apos;)}" version="1.0" />


		<setVariable label="var  callerprojectname = ${Substring(system.caller.project, lastpositionofslash+1)}" name="callerprojectname" value="${Substring(system.caller.project, lastpositionofslash+1)}" version="1.0" />


		<sendEmail resourceId="AtosSMTP" toList="${mailerlist}" version="1.0">
			<subject>
				<![CDATA[${system.environment} MFT Notification from Job ${callerprojectname}]]>
			</subject>
			<from address="noreply@royalmail.com" />
			<message contentType="text/html" charset="utf-8">
				<![CDATA[        <html>
        <style type="text/css">
        /* CLIENT-SPECIFIC STYLES */
        #outlook a {
                padding: 0;
        } /* Force Outlook to provide a "view in browser" message */
        .ReadMsgBody {
                width: 100%;
        }
        .ExternalClass {
                width: 100%;
        } /* Force Hotmail to display emails at full width */
        .ExternalClass, .ExternalClass p, .ExternalClass span, .ExternalClass font, .ExternalClass td, .ExternalClass div {
                line-height: 100%;
        } /* Force Hotmail to display normal line spacing */
        body, table, td, a, img {
                -webkit-text-size-adjust: 100%;
                -ms-text-size-adjust: 100%;
                font-family: verdana, geneva, sans-serif;
                font-size: 16px;
                text-decoration: none;
                color: #333333;
                margin: 0px;
        } /* Prevent WebKit and Windows mobile changing default text sizes */
        table, td {
                mso-table-lspace: 0pt;
                mso-table-rspace: 0pt;
        } /* Remove spacing between tables in Outlook 2007 and up */
        img {
                -ms-interpolation-mode: bicubic;
        } /* Allow smoother rendering of resized image in Internet Explorer */
        /* RESET STYLES */
        body {
                margin: 0;
                padding: 0;
        }
        img {
                border: 0;
                height: auto;
                line-height: 100%;
                outline: none;
        }
        table {
                border-collapse: collapse !important;
        }
        body {
                height: 100% !important;
                margin: 0;
                padding: 0;
                width: 100% !important;
        }
        /* iOS BLUE LINKS */
        .appleBody a {
                color: #0072C6;
                text-decoration: none;
        }
        .appleFooter a {
                color: #777777;
        }

        /* GMAIL STYLES */
        u + #body a {
    color: inherit;
    text-decoration: none;
    font-size: inherit;
    font-family: inherit;
    font-weight: inherit;
    line-height: inherit;
}

        /* MOBILE STYLES */
        @media screen and (max-width: 525px) {
                /* ALLOWS FOR FLUID TABLES */
                table[class="wrapper"] {
                        width: 100% !important;
                }
                /* ADJUSTS LAYOUT OF LOGO IMAGE */
                td[class="logo"] {
                        text-align: center;
                        padding: 5px 0 5px 0 !important;
                }
                td[class="logo"] img {
                        margin: 0 auto!important;
                }
                /* USE THESE CLASSES TO HIDE CONTENT ON MOBILE */
                td[class="mobile-hide"] {
                        display: none;
                }
                img[class="mobile-hide"] {
                        display: none !important;
                }
                img[class="img-max"] {
                        max-width: 100% !important;
                        height: auto !important;
                }
                /* FULL-WIDTH TABLES */
                table[class="responsive-table"] {
                        width: 100%!important;
                }
                /* UTILITY CLASSES FOR ADJUSTING PADDING ON MOBILE */
                td[class="padding"] {
                        padding: 10px 5% 15px 5% !important;
                }
                td[class="padding-copy"] {
                        padding: 30px 5% 20px 5% !important;
                        text-align: center;
                }
                td[class="padding-copy-headline"] {
                        padding: 5px 5% 0px 5% !important;
                        text-align: center;
                }
                td[class="padding-copy-subhead"] {
                        padding: 10px 5% 30px 5% !important;
                        text-align: center;
                }
                td[class="padding-copy-hero"] {
                        padding: 0px 5% 5px 5% !important;
                        text-align: center;
                }
                td[class="padding-meta"] {
                        padding: 30px 5% 0px 5% !important;
                        text-align: center;
                }
                td[class="no-pad"] {
                        padding: 0 0 20px 0 !important;
                td[class="no-padding"] {
                        padding: 0 !important;
                }
                td[class="section-padding"] {
                        padding: 25px 15px 0px 15px !important;
                }
                td[class="section-padding-button"] {
                        padding: 30px 15px 30px 15px !important;
                }
                td[class="section-padding-bottom-image"] {
                        padding: 20px 15px 0 15px !important;
                }
                /* ADJUST BUTTONS ON MOBILE */
                td[class="mobile-wrapper"] {
                        padding: 10px 5% 15px 5% !important;
                }
                table[class="mobile-button-container"] {
                        margin: 0 auto;
                        width: 100% !important;
                }
                a[class="mobile-button"] {
                        width: 80% !important;
                        padding: 15px !important;
                        border: 0 !important;
                        font-size: 16px !important;
                }
        }
}
        </style>
        <body id="body">
                        <table border="0" cellpadding="0" cellspacing="0" width="100%" style="min-width: 100%">
                                <tr>
                                        <td bgcolor="#E9967A" valign="top" align="center" style="padding: 40px 15px 40px 15px;" class="section-padding">
                                                <table border="0" cellpadding="0" cellspacing="0" width="75%" class="responsive-table">
                                                        <tr>
                                                                <td class="padding-copy-hero">
                                                                        <table width="100%" border="0" cellspacing="0" cellpadding="0">
                                                                                <tr>
                                                                                        <td height="53" align="center" class="padding-copy-subhead" style="font-family: Verdana, Geneva, sans-serif; color:#FFFFFF; font-size:28px; line-height:30px; padding: 0px 5px; font-weight:bold;">NOTIFICATION MESSAGE</td>
                                                                                </tr>
                                                                        </table>
                                                                </td>
                                                        </tr>
                                                </table>
                                        </td>
                                </tr>
                        </table>
                        <table border="0" cellpadding="0" cellspacing="0" width="100%" style="min-width: 100%">
                        <tr><td style="padding-top: 8px" /></tr>
                        <tr>
                                <td bgcolor="#FFFFFF" align="center" class="section-padding-button">
                                        <table border="0" cellpadding="0" cellspacing="0" width="75%" class="responsive-table">
                                                <tr>
                                                        <td align="center" style="font-family: Verdana, Geneva, sans-serif; color: #333333; font-size: 16px; line-height: 26px; text-decoration: none;"></td>
                                                </tr>
                                                <tr><td style="padding-top: 16px" /></tr>
                                                <tr>
                                                        <td align="center" style="font-family: Verdana, Geneva, sans-serif; color: #333333; font-size: 16px; line-height: 26px; text-decoration: none;">
                                                                <table border="0" cellpadding="0" cellspacing="0" style="font-family: verdana, arial, helvetica, sans-serif;font-size: 12px;">
<tr>
                                                                                <td style="padding-bottom: 3px; padding-right: 25px;"><b>Message:</b></td>
                                                                                <td>${mailmessage}</td>
                                                                        </tr>
                                                                       
                                                                </table>
                                                        </td>
                                                </tr>
                                                <tr><td style="padding-top: 36px" /></tr>
                                        </table>
                                </td>
                        </tr>
                </table>
                <table border="0" cellpadding="0" cellspacing="0" width="100%" style="min-width:100%;">
                        <tr>
                                <td bgcolor="#3b3b3b" align="center">
                                        <table cellpadding="0" cellspacing="0" width="100%" border="0" class="resonsive-table">
                                                <tr>
                                                        <td align="center">
                                                                <table cellspacing="0" cellpadding="0" border="0" width="75%" class="responsive-table">
                                                                        <tr><td style="padding-top: 24px" /></tr>
                                                                        <tr>
                                                                                <td align="center" style="font-family: Verdana, Geneva, sans-serif; color: #777777; font-size: 9px;">Powered by <a href="https://www.goanywhere.com/powered-by" style="color: #777777; font-size: 9px; text-decoration: underline; text-decoration-color: #777777">GoAnywhere</a></td>
                                                                        </tr>
                                                                        <tr><td style="padding-top: 24px" /></tr>
                                                                </table>
                                                        </td>
                                                </tr>
                                        </table>
                                </td>
                        </tr>
                </table>
        </body>
</html>

        ]]>
			</message>
		</sendEmail>

	</module>


	<module name="EmailN_for_FileTransfer_failure_with_attatchment" description="Email will be send for Project with file transfer failure with joblog as attachment " onError="call:SendFailure">

		<setVariable label="var lastpositionofslash = ${LastPositionOf(system.caller.project,&apos;/&apos;)}" name="lastpositionofslash" value="${LastPositionOf(system.caller.project,&apos;/&apos;)}" version="1.0" />


		<setVariable label="var  callerprojectname = ${Substring(system.caller.project, lastpositionofslash+1)}" name="callerprojectname" value="${Substring(system.caller.project, lastpositionofslash+1)}" version="1.0" />


		<sendEmail resourceId="AtosSMTP" toList="${mailerlist}" version="1.0">
			<subject>
				<![CDATA[Job ${callerprojectname} FAILED in ${system.environment}]]>
			</subject>
			<from address="noreply@royalmail.com" />
			<message contentType="text/html" charset="utf-8" file="${system.job.log}">
				<![CDATA[        <html>
        <style type="text/css">
        /* CLIENT-SPECIFIC STYLES */
        #outlook a {
                padding: 0;
        } /* Force Outlook to provide a "view in browser" message */
        .ReadMsgBody {
                width: 100%;
        }
        .ExternalClass {
                width: 100%;
        } /* Force Hotmail to display emails at full width */
        .ExternalClass, .ExternalClass p, .ExternalClass span, .ExternalClass font, .ExternalClass td, .ExternalClass div {
                line-height: 100%;
        } /* Force Hotmail to display normal line spacing */
        body, table, td, a, img {
                -webkit-text-size-adjust: 100%;
                -ms-text-size-adjust: 100%;
                font-family: verdana, geneva, sans-serif;
                font-size: 16px;
                text-decoration: none;
                color: #333333;
                margin: 0px;
        } /* Prevent WebKit and Windows mobile changing default text sizes */
        table, td {
                mso-table-lspace: 0pt;
                mso-table-rspace: 0pt;
        } /* Remove spacing between tables in Outlook 2007 and up */
        img {
                -ms-interpolation-mode: bicubic;
        } /* Allow smoother rendering of resized image in Internet Explorer */
        /* RESET STYLES */
        body {
                margin: 0;
                padding: 0;
        }
        img {
                border: 0;
                height: auto;
                line-height: 100%;
                outline: none;
        }
        table {
                border-collapse: collapse !important;
        }
        body {
                height: 100% !important;
                margin: 0;
                padding: 0;
                width: 100% !important;
        }
        /* iOS BLUE LINKS */
        .appleBody a {
                color: #0072C6;
                text-decoration: none;
        }
        .appleFooter a {
                color: #777777;
        }

        /* GMAIL STYLES */
        u + #body a {
    color: inherit;
    text-decoration: none;
    font-size: inherit;
    font-family: inherit;
    font-weight: inherit;
    line-height: inherit;
}

        /* MOBILE STYLES */
        @media screen and (max-width: 525px) {
                /* ALLOWS FOR FLUID TABLES */
                table[class="wrapper"] {
                        width: 100% !important;
                }
                /* ADJUSTS LAYOUT OF LOGO IMAGE */
                td[class="logo"] {
                        text-align: center;
                        padding: 5px 0 5px 0 !important;
                }
                td[class="logo"] img {
                        margin: 0 auto!important;
                }
                /* USE THESE CLASSES TO HIDE CONTENT ON MOBILE */
                td[class="mobile-hide"] {
                        display: none;
                }
                img[class="mobile-hide"] {
                        display: none !important;
                }
                img[class="img-max"] {
                        max-width: 100% !important;
                        height: auto !important;
                }
                /* FULL-WIDTH TABLES */
                table[class="responsive-table"] {
                        width: 100%!important;
                }
                /* UTILITY CLASSES FOR ADJUSTING PADDING ON MOBILE */
                td[class="padding"] {
                        padding: 10px 5% 15px 5% !important;
                }
                td[class="padding-copy"] {
                        padding: 30px 5% 20px 5% !important;
                        text-align: center;
                }
                td[class="padding-copy-headline"] {
                        padding: 5px 5% 0px 5% !important;
                        text-align: center;
                }
                td[class="padding-copy-subhead"] {
                        padding: 10px 5% 30px 5% !important;
                        text-align: center;
                }
                td[class="padding-copy-hero"] {
                        padding: 0px 5% 5px 5% !important;
                        text-align: center;
                }
                td[class="padding-meta"] {
                        padding: 30px 5% 0px 5% !important;
                        text-align: center;
                }
                td[class="no-pad"] {
                        padding: 0 0 20px 0 !important;
                td[class="no-padding"] {
                        padding: 0 !important;
                }
                td[class="section-padding"] {
                        padding: 25px 15px 0px 15px !important;
                }
                td[class="section-padding-button"] {
                        padding: 30px 15px 30px 15px !important;
                }
                td[class="section-padding-bottom-image"] {
                        padding: 20px 15px 0 15px !important;
                }
                /* ADJUST BUTTONS ON MOBILE */
                td[class="mobile-wrapper"] {
                        padding: 10px 5% 15px 5% !important;
                }
                table[class="mobile-button-container"] {
                        margin: 0 auto;
                        width: 100% !important;
                }
                a[class="mobile-button"] {
                        width: 80% !important;
                        padding: 15px !important;
                        border: 0 !important;
                        font-size: 16px !important;
                }
        }
}
        </style>
        <body id="body">
                        <table border="0" cellpadding="0" cellspacing="0" width="100%" style="min-width: 100%">
                                <tr>
                                        <td bgcolor="#FF0000" valign="top" align="center" style="padding: 40px 15px 40px 15px;" class="section-padding">
                                                <table border="0" cellpadding="0" cellspacing="0" width="75%" class="responsive-table">
                                                        <tr>
                                                                <td class="padding-copy-hero">
                                                                        <table width="100%" border="0" cellspacing="0" cellpadding="0">
                                                                                <tr>
                                                                                        <td height="53" align="center" class="padding-copy-subhead" style="font-family: Verdana, Geneva, sans-serif; color:#FFFFFF; font-size:28px; line-height:30px; padding: 0px 5px; font-weight:bold;">Transfer Job Failed</td>
                                                                                </tr>
                                                                        </table>
                                                                </td>
                                                        </tr>
                                                </table>
                                        </td>
                                </tr>
                        </table>
                        <table border="0" cellpadding="0" cellspacing="0" width="100%" style="min-width: 100%">
                        <tr><td style="padding-top: 8px" /></tr>
                        <tr>
                                <td bgcolor="#FFFFFF" align="center" class="section-padding-button">
                                        <table border="0" cellpadding="0" cellspacing="0" width="75%" class="responsive-table">
                                                <tr>
                                                        <td align="center" style="font-family: Verdana, Geneva, sans-serif; color: #333333; font-size: 16px; line-height: 26px; text-decoration: none;">Job Details</td>
                                                </tr>
                                                <tr><td style="padding-top: 16px" /></tr>
                                                <tr>
                                                        <td align="center" style="font-family: Verdana, Geneva, sans-serif; color: #333333; font-size: 16px; line-height: 26px; text-decoration: none;">
                                                                <table border="0" cellpadding="0" cellspacing="0" style="font-family: verdana, arial, helvetica, sans-serif;font-size: 12px;">
<tr>
                                                                                <td style="padding-bottom: 3px; padding-right: 25px;"><b>Monitor Name:</b></td>
                                                                                <td>M_${callerprojectname}</td>
                                                                        </tr>
                                                                        <tr>
                                                                                <td style="padding-bottom: 3px; padding-right: 25px;"><b>Project Name:</b></td>
                                                                                <td>${callerprojectname}</td>
                                                                        </tr>
                                                                        <tr>
                                                                                <td style="padding-bottom: 3px; padding-right: 25px;"><b>Job Number or Id: </b></td>
                                                                                <td>${system.caller.id}</td>
                                                                        </tr>
                                                                        <tr>
                                                                                <td style="padding-bottom: 3px; padding-right: 25px;"><b>Error Message</b></td>
                                                                                <td>${errormsg}</td>
                                                                        </tr>
                                                                        
                                                                </table>
                                                        </td>
                                                </tr>
                                                <tr><td style="padding-top: 36px" /></tr>
                                        </table>
                                </td>
                        </tr>
                </table>
                <table border="0" cellpadding="0" cellspacing="0" width="100%" style="min-width:100%;">
                        <tr>
                                <td bgcolor="#3b3b3b" align="center">
                                        <table cellpadding="0" cellspacing="0" width="100%" border="0" class="resonsive-table">
                                                <tr>
                                                        <td align="center">
                                                                <table cellspacing="0" cellpadding="0" border="0" width="75%" class="responsive-table">
                                                                        <tr><td style="padding-top: 24px" /></tr>
                                                                        <tr>
                                                                                <td align="center" style="font-family: Verdana, Geneva, sans-serif; color: #777777; font-size: 9px;">Powered by <a href="https://www.goanywhere.com/powered-by" style="color: #777777; font-size: 9px; text-decoration: underline; text-decoration-color: #777777">GoAnywhere</a></td>
                                                                        </tr>
                                                                        <tr><td style="padding-top: 24px" /></tr>
                                                                </table>
                                                        </td>
                                                </tr>
                                        </table>
                                </td>
                        </tr>
                </table>
        </body>
</html>

        ]]>
			</message>
			<attachment file="${joblogpath}/${CurrentTimestamp(&apos;yyyy-MM-dd&apos;)}/${system.job.id}.log" />
		</sendEmail>

	</module>


	<module name="EmailN_for_FileTransfer_success_with_attatchment" description="Email will be send for Project with file transfer Success with joblog as attachment " onError="call:SendFailure">

		<setVariable label="var lastpositionofslash = ${LastPositionOf(system.caller.project,&apos;/&apos;)}" name="lastpositionofslash" value="${LastPositionOf(system.caller.project,&apos;/&apos;)}" version="1.0" />


		<setVariable label="var  callerprojectname = ${Substring(system.caller.project, lastpositionofslash+1)}" name="callerprojectname" value="${Substring(system.caller.project, lastpositionofslash+1)}" version="1.0" />


		<setVariable label="Init FileList filenames" name="filenames" value="${system.emptyString}" version="2.0" />

		<forEachLoop itemsVariable="${filelistonprogressing}" currentItemVariable="eachfile">

			<setVariable label="Update FileList filenames" name="filenames" value="${filenames}${system.lineFeed}${eachfile:name}" version="2.0" />

		</forEachLoop>

		<sendEmail resourceId="AtosSMTP" toList="${mailerlist}" version="1.0">
			<subject>
				<![CDATA[Job ${callerprojectname} completed successfully in ${system.environment}]]>
			</subject>
			<from address="noreply@royalmail.com" />
			<message contentType="text/html" charset="utf-8" file="${system.job.log}">
				<![CDATA[        <html>
        <style type="text/css">
        /* CLIENT-SPECIFIC STYLES */
        #outlook a {
                padding: 0;
        } /* Force Outlook to provide a "view in browser" message */
        .ReadMsgBody {
                width: 100%;
        }
        .ExternalClass {
                width: 100%;
        } /* Force Hotmail to display emails at full width */
        .ExternalClass, .ExternalClass p, .ExternalClass span, .ExternalClass font, .ExternalClass td, .ExternalClass div {
                line-height: 100%;
        } /* Force Hotmail to display normal line spacing */
        body, table, td, a, img {
                -webkit-text-size-adjust: 100%;
                -ms-text-size-adjust: 100%;
                font-family: verdana, geneva, sans-serif;
                font-size: 16px;
                text-decoration: none;
                color: #333333;
                margin: 0px;
        } /* Prevent WebKit and Windows mobile changing default text sizes */
        table, td {
                mso-table-lspace: 0pt;
                mso-table-rspace: 0pt;
        } /* Remove spacing between tables in Outlook 2007 and up */
        img {
                -ms-interpolation-mode: bicubic;
        } /* Allow smoother rendering of resized image in Internet Explorer */
        /* RESET STYLES */
        body {
                margin: 0;
                padding: 0;
        }
        img {
                border: 0;
                height: auto;
                line-height: 100%;
                outline: none;
        }
        table {
                border-collapse: collapse !important;
        }
        body {
                height: 100% !important;
                margin: 0;
                padding: 0;
                width: 100% !important;
        }
        /* iOS BLUE LINKS */
        .appleBody a {
                color: #0072C6;
                text-decoration: none;
        }
        .appleFooter a {
                color: #777777;
        }

        /* GMAIL STYLES */
        u + #body a {
    color: inherit;
    text-decoration: none;
    font-size: inherit;
    font-family: inherit;
    font-weight: inherit;
    line-height: inherit;
}

        /* MOBILE STYLES */
        @media screen and (max-width: 525px) {
                /* ALLOWS FOR FLUID TABLES */
                table[class="wrapper"] {
                        width: 100% !important;
                }
                /* ADJUSTS LAYOUT OF LOGO IMAGE */
                td[class="logo"] {
                        text-align: center;
                        padding: 5px 0 5px 0 !important;
                }
                td[class="logo"] img {
                        margin: 0 auto!important;
                }
                /* USE THESE CLASSES TO HIDE CONTENT ON MOBILE */
                td[class="mobile-hide"] {
                        display: none;
                }
                img[class="mobile-hide"] {
                        display: none !important;
                }
                img[class="img-max"] {
                        max-width: 100% !important;
                        height: auto !important;
                }
                /* FULL-WIDTH TABLES */
                table[class="responsive-table"] {
                        width: 100%!important;
                }
                /* UTILITY CLASSES FOR ADJUSTING PADDING ON MOBILE */
                td[class="padding"] {
                        padding: 10px 5% 15px 5% !important;
                }
                td[class="padding-copy"] {
                        padding: 30px 5% 20px 5% !important;
                        text-align: center;
                }
                td[class="padding-copy-headline"] {
                        padding: 5px 5% 0px 5% !important;
                        text-align: center;
                }
                td[class="padding-copy-subhead"] {
                        padding: 10px 5% 30px 5% !important;
                        text-align: center;
                }
                td[class="padding-copy-hero"] {
                        padding: 0px 5% 5px 5% !important;
                        text-align: center;
                }
                td[class="padding-meta"] {
                        padding: 30px 5% 0px 5% !important;
                        text-align: center;
                }
                td[class="no-pad"] {
                        padding: 0 0 20px 0 !important;
                td[class="no-padding"] {
                        padding: 0 !important;
                }
                td[class="section-padding"] {
                        padding: 25px 15px 0px 15px !important;
                }
                td[class="section-padding-button"] {
                        padding: 30px 15px 30px 15px !important;
                }
                td[class="section-padding-bottom-image"] {
                        padding: 20px 15px 0 15px !important;
                }
                /* ADJUST BUTTONS ON MOBILE */
                td[class="mobile-wrapper"] {
                        padding: 10px 5% 15px 5% !important;
                }
                table[class="mobile-button-container"] {
                        margin: 0 auto;
                        width: 100% !important;
                }
                a[class="mobile-button"] {
                        width: 80% !important;
                        padding: 15px !important;
                        border: 0 !important;
                        font-size: 16px !important;
                }
        }
}
        </style>
        <body id="body">
                        <table border="0" cellpadding="0" cellspacing="0" width="100%" style="min-width: 100%">
                                <tr>
                                        <td bgcolor="#4a87b5" valign="top" align="center" style="padding: 40px 15px 40px 15px;" class="section-padding">
                                                <table border="0" cellpadding="0" cellspacing="0" width="75%" class="responsive-table">
                                                        <tr>
                                                                <td class="padding-copy-hero">
                                                                        <table width="100%" border="0" cellspacing="0" cellpadding="0">
                                                                                <tr>
                                                                                        <td height="53" align="center" class="padding-copy-subhead" style="font-family: Verdana, Geneva, sans-serif; color:#FFFFFF; font-size:28px; line-height:30px; padding: 0px 5px; font-weight:bold;">Transfer Job Completed Normally</td>
                                                                                </tr>
                                                                        </table>
                                                                </td>
                                                        </tr>
                                                </table>
                                        </td>
                                </tr>
                        </table>
                        <table border="0" cellpadding="0" cellspacing="0" width="100%" style="min-width: 100%">
                        <tr><td style="padding-top: 8px" /></tr>
                        <tr>
                                <td bgcolor="#FFFFFF" align="center" class="section-padding-button">
                                        <table border="0" cellpadding="0" cellspacing="0" width="75%" class="responsive-table">
                                                <tr>
                                                        <td align="center" style="font-family: Verdana, Geneva, sans-serif; color: #333333; font-size: 16px; line-height: 26px; text-decoration: none;">Job Details</td>
                                                </tr>
                                                <tr><td style="padding-top: 16px" /></tr>
                                                <tr>
                                                        <td align="center" style="font-family: Verdana, Geneva, sans-serif; color: #333333; font-size: 16px; line-height: 26px; text-decoration: none;">
                                                                <table border="0" cellpadding="0" cellspacing="0" style="font-family: verdana, arial, helvetica, sans-serif;font-size: 12px;">
<tr>
                                                                                <td style="padding-bottom: 3px; padding-right: 25px;"><b>Monitor Name:</b></td>
                                                                                <td>M_${callerprojectname}</td>
                                                                        </tr>
                                                                        <tr>
                                                                                <td style="padding-bottom: 3px; padding-right: 25px;"><b>Project Name:</b></td>
                                                                                <td>${callerprojectname}</td>
                                                                        </tr>
                                                                        <tr>
                                                                                <td style="padding-bottom: 3px; padding-right: 25px;"><b>Job Number or Id: </b></td>
                                                                                <td>${system.caller.id}</td>
                                                                        </tr>
                                                                        <tr>
                                                                                <td style="padding-bottom: 3px; padding-right: 25px;"><b>Source</b></td>
                                                                                <td>${sourceserver} </td>
                                                                        </tr>
                                                                        <tr>
                                                                                <td style="padding-bottom: 3px; padding-right: 25px;"><b>Source Path</b></td>
                                                                                <td>${sourcepath}</td>
                                                                        </tr>
                                                                        <tr>
                                                                                <td style="padding-bottom: 3px; padding-right: 25px;"><b>Target</b></td>
                                                                                <td>${targetserver}</td>
                                                                        </tr>
                                                                        <tr>
                                                                                <td style="padding-bottom: 3px; padding-right: 25px;"><b>Target Path </b></td>
                                                                                <td>${targetpath}</td>
                                                                        </tr>
                                                                         <tr>
                                                                                <td style="padding-bottom: 3px; padding-right: 25px;"><b>File Count Transferred</b></td>
                                                                                <td>${filelistonprogressingnum}</td>
                                                                        </tr>
                                                                         <tr>
                                                                                <td style="padding-bottom: 3px; padding-right: 25px;"><b>Files Transferred</b></td>
                                                                                <td>${filenames}</td>
                                                                        </tr>
                                                                </table>
                                                        </td>
                                                </tr>
                                                <tr><td style="padding-top: 36px" /></tr>
                                        </table>
                                </td>
                        </tr>
                </table>
                <table border="0" cellpadding="0" cellspacing="0" width="100%" style="min-width:100%;">
                        <tr>
                                <td bgcolor="#3b3b3b" align="center">
                                        <table cellpadding="0" cellspacing="0" width="100%" border="0" class="resonsive-table">
                                                <tr>
                                                        <td align="center">
                                                                <table cellspacing="0" cellpadding="0" border="0" width="75%" class="responsive-table">
                                                                        <tr><td style="padding-top: 24px" /></tr>
                                                                        <tr>
                                                                                <td align="center" style="font-family: Verdana, Geneva, sans-serif; color: #777777; font-size: 9px;">Powered by <a href="https://www.goanywhere.com/powered-by" style="color: #777777; font-size: 9px; text-decoration: underline; text-decoration-color: #777777">GoAnywhere</a></td>
                                                                        </tr>
                                                                        <tr><td style="padding-top: 24px" /></tr>
                                                                </table>
                                                        </td>
                                                </tr>
                                        </table>
                                </td>
                        </tr>
                </table>
        </body>
</html>

        ]]>
			</message>
		</sendEmail>

	</module>


	<module name="EmailN_for_FileUpload_failure" description="Email will be send for Project with any failure in  File upload to MFT server ." />


	<module name="EmailN_for_FileUpload_success" description="Email will be send for Project with any successful  File uploaded to MFT server ." />


	<module name="EmailN_for_FilePullMFT_failure" description="Email will be send for Project with any failure in File pulled by MFT server ." />


	<module name="EmailN_for_FilePullMFT_success" description="Email will be send for Project with any successful  File pulled MFT server ." />


	<module name="SendFailure" description="This Module is executed whenthere is an email send failure">

		<print version="1.0">
			<![CDATA[${system.job.error}]]>
		</print>

	</module>

	<description>Generic project for Sending Email Notification</description>
	<variable name="joblogpath" value="/opt/goanywhere/userdata/log" />
</project>
