<?xml version="1.0" encoding="UTF-8"?>
<project name="MQ_send_retrieve" mainModule="Main" version="2.0" logLevel="normal" threadSafe="true">
	<description>This funcational project is used to send or retrieve files to/from MQ.</description>
	<commentTask>
		<comment>
			<![CDATA[variables required from caller project 
mqmode
]]>
		</comment>
	</commentTask>

	<module name="MQ_send">

		<mqOpenSession resourceId="${targetserver}" sessionId="MQSession" version="1.0" />

		<forEachLoop itemsVariable="${filelistonprogressing}" currentItemVariable="eachfiletomq">

			<mqSend sessionId="${MQSession}" destinationName="${targetpath}" messageFile="${eachfiletomq}" version="1.0" />

		</forEachLoop>

		<mqCloseSession sessionId="${MQSession}" version="1.0" />

	</module>


	<module name="MQ_retrieve">

		<mqOpenSession resourceId="${targetserver}" sessionId="MQSession" version="1.0" />


		<mqRetrieve sessionId="${MQSession}" sourceName="${sourceserver}" sourceType="queue" currentMessageVariable="MQMessage" outputDirectory="${sourcepath}" outputFileName="${MQMessage:id}" whenFileExists="overwrite" version="1.0" />


		<mqCloseSession sessionId="${MQSession}" version="1.0" />

	</module>


	<module name="Main">
		<if condition="${ mqmode == &quot;send&quot; }">

			<print version="1.0">
				<![CDATA[********************************
*                                                     *
** Send to MQ - $${targetpath} *****
*                                                     *
********************************
]]>
			</print>


			<callModule label="Call Module MQ_send" module="MQ_send" version="1.0" />

		</if>
		<if condition="${ mqmode == &quot;retrieve&quot; }">

			<print version="1.0">
				<![CDATA[********************************
*                                                     *
** Retrieve from MQ - $${sourcepath} *****
*                                                     *
********************************
]]>
			</print>


			<callModule label="Call Module MQ_retrieve" module="MQ_retrieve" version="1.0" />

		</if>
	</module>

</project>
