<?xml version="1.0" encoding="UTF-8"?>
<project name="pgp_encrypt_decrypt" mainModule="Main" version="2.0" logLevel="normal" threadSafe="true">
	<description>Module to encrypt or decrypt incoming files.</description>
	<commentTask>
		<comment>
			<![CDATA[Variables required - 
task
pgppubkey]]>
		</comment>
	</commentTask>

	<module name="Main">

		<setVariable label="var lastpositionofslash = ${LastPositionOf(system.caller.project,&apos;/&apos;)}" name="lastpositionofslash" value="${LastPositionOf(system.caller.project,&apos;/&apos;)}" version="2.0" />


		<setVariable label="var callerprojectname = ${Substring(system.caller.project, lastpositionofslash+1)}" name="callerprojectname" value="${Substring(system.caller.project, lastpositionofslash+1)}" version="2.0" />


		<timestamp version="1.0" />


		<print label="Print filelistonprogressing" version="1.0">
			<![CDATA[$(filelistonprogressing}]]>
		</print>


		<print label="Print task" version="1.0">
			<![CDATA[************   task selected is ${task}   ****************]]>
		</print>

		<if condition="${ task == &quot;decrypt&quot; }">

			<callModule label="Call Module decrypt" module="decrypt" version="1.0" />

		</if>
		<if condition="${ task == &quot;encrypt&quot; }">

			<callModule label="Call Module encrypt" module="encrypt" version="1.0" />

		</if>
	</module>


	<module name="encrypt" description="Module called to encrypt files ">
		<forEachLoop label="For each in ${filelistonprogressing}" itemsVariable="${filelistonprogressing}" currentItemVariable="eachfile">

			<pgpEncrypt keyLocation="KeyVault" inputFilesVariable="${eachfile}" outputDir="${progressingpath}/encrypt" version="1.0">
				<publicKey keyName="${pgppubkey}" />
			</pgpEncrypt>

		</forEachLoop>
	</module>


	<module name="decrypt" description="Module called to decrypt files ">
		<forEachLoop label="For each in ${filelistonprogressing}" itemsVariable="${filelistonprogressing}" currentItemVariable="eachfile">

			<pgpDecrypt keyLocation="KeyVault" inputFilesVariable="${eachfile}" outputDir="${progressingpath}/decrypt" version="1.0" />

		</forEachLoop>
	</module>

</project>
