<?xml version="1.0" encoding="UTF-8"?>
<project name="RenameMoveReplayFilestoProgressing" mainModule="Main" version="2.0" logLevel="verbose" threadSafe="true">
	<description>Generic Project to rename,move all Replay files to Progressing Path.
</description>

	<module name="Main" logLevel="debug">

		<setVariable label="var lastpositionofslash = ${LastPositionOf(system.caller.project,&apos;/&apos;)}" name="lastpositionofslash" value="${LastPositionOf(system.caller.project,&apos;/&apos;)}" version="1.0" />


		<setVariable label="var  callerprojectname = ${Substring(system.caller.project, lastpositionofslash+1)}" name="callerprojectname" value="${Substring(system.caller.project, lastpositionofslash+1)}" version="1.0" />


		<print label="print replay path" version="1.0">
			<![CDATA[${MFT_Project_files}/${callerprojectname}/replay]]>
		</print>


		<createFileList label="FileList at Replay" fileListVariable="filelistonreplay" numFilesFoundVariable="filelistonreplaynum" version="1.0">
			<fileset dir="${MFT_Project_files}/${callerprojectname}/replay" includeItems="files" />
		</createFileList>

		<if label="if ${filelistonreplaynum} gt 0" condition="${filelistonreplaynum gt 0 }">
			<forEachLoop itemsVariable="${filelistonreplay}" currentItemVariable="eachreplayfile">

				<rename label="Rename Replay files" inputFilesVariable="${eachreplayfile}" searchPattern="*.*.??????" patternType="wildcard" replaceWith="*.*" numFilesRenamedVariable="replayfilesrenamednum" outputFilesVariable="replayfilesrenamed" version="1.0" />


				<print label="Print ${eachreplayfile} got renamed" version="1.0">
					<![CDATA[${eachreplayfile} got renamed.]]>
				</print>

			</forEachLoop>

			<createFileList label="FileList at Replay" fileListVariable="filelistonreplay" numFilesFoundVariable="filelistonreplaynum" version="1.0">
				<fileset dir="${MFT_Project_files}/${callerprojectname}/replay" includeItems="files" />
			</createFileList>


			<move label="Move files from replay to Progressing" sourceFilesVariable="${filelistonreplay}" destDir="${MFT_Project_files}/${callerprojectname}/progressing" version="1.0" disabled="false" />

		</if>
	</module>

</project>
