<?xml version="1.0" encoding="UTF-8"?>
<project name="TransferSuccessData" mainModule="Main" version="2.0" logLevel="normal" threadSafe="true">
	<description>Generic Project_template to Capture data in case of project Success.</description>

	<module name="Main">

		<timestamp version="1.0" />


		<print label="Print Flow data" file="${MFT_Logs}/${CurrentDate(&apos;ddMMyyyy&apos;)}_TransferSuccessData.csv" append="true" version="1.0">
			<![CDATA[PROJECTSUCCESS,${CurrentTimestamp('yyyy-MM-dd HH:mm:ss')},${system.caller.project},${system.job.id},${sourceserver},${sourcepath},${targetserver},${targetpath},${filelistonprogressingnum}${system.lineFeed}]]>
		</print>


		<print label="Print filenames transferred" file="${GA_Logs}/TransferSuccessDataFilenames.csv" append="true" version="1.0" disabled="true">
			<![CDATA[FILENAMES,${CurrentTimestamp('yyyy-MM-dd HH:mm:ss')},${system.job.id},${filelistonprogressing}${system.lineFeed}]]>
		</print>


		<setVariable label="init var filestransferred" name="filestransferred" value="${system.emptyString}" version="1.0" />

		<forEachLoop itemsVariable="${filelistonprogressing}" currentItemVariable="eachfile">

			<setVariable label="Update FileList filenames" name="filestransferred" value="${filestransferred}|${eachfile:name}" version="2.0" />

		</forEachLoop>

		<print label="Print filenames transferred" file="${MFT_Logs}/${CurrentDate(&apos;ddMMyyyy&apos;)}_TransferSuccessDataFilenames.csv" append="true" version="1.0" disabled="false">
			<![CDATA[FILENAMES,${CurrentTimestamp('yyyy-MM-dd HH:mm:ss')},${CurrentTimestamp('HH:mm')},${system.job.id},${filestransferred},${filelistonprogressingnum},${system.caller.project},${CurrentTimestamp('dd')}${system.lineFeed}]]>
		</print>


		<print label="Print FileTrack" file="${MFT_Logs}/${CurrentDate(&apos;ddMMyyyy&apos;)}_TransferFiletracking.csv" append="true" version="1.0" disabled="false">
			<![CDATA[FILETRACK,${CurrentTimestamp('yyyy-MM-dd HH:mm:ss')},${system.job.id},${system.caller.project},${filetrack}${system.lineFeed}]]>
		</print>

	</module>

</project>
