<?xml version="1.0" encoding="UTF-8"?>
<project name="TransferFailedData" mainModule="Main" version="2.0" logLevel="normal" threadSafe="true">
	<description>Generic Project to Capture data in case of project failures.</description>

	<module name="Main" onError="abort">

		<timestamp version="1.0" />


		<print label="Print Flow data to TransferFailedData.csv" file="${MFT_Logs}/${CurrentDate(&apos;ddMMyyyy&apos;)}_TransferFailedData.csv" append="true" version="1.0">
			<![CDATA[PROJECTERROR,MFTERR03,,${system.caller.project},${CurrentTimestamp('yyyy-MM-dd HH:mm:ss')},${system.job.id},${sourceserver},${sourcepath},${targetserver},${targetpath},${errormsg}${system.lineFeed}]]>
		</print>


		<copy label="Copy from Progressing to replay" destDir="${replaypath}" whenFileExists="rename" version="1.0" disabled="true">
			<fileset dir="${progressingpath}" includeItems="files" />
		</copy>

	</module>

</project>
