<?xml version="1.0" encoding="UTF-8"?>
<project name="compare2files" mainModule="Main" version="2.0" logLevel="verbose">

	<module name="Main">
		<forEachLoop label="for-each on source files" itemsVariable="${filelistonsrcserver}" currentItemVariable="eachsource">
			<forEachLoop label="for-each on target files" itemsVariable="${filelistonprogressing}" currentItemVariable="eachtarget">
				<if label="If files are same name" condition="${eachsource:name == eachtarget:name}">

					<readFlatFile label="Read source file" inputFilesVariable="${eachsource}" outputRowSetVariable="sourcefile" version="1.0" />


					<readFlatFile label="Read Target file" inputFilesVariable="${eachtarget}" outputRowSetVariable="targetfile" version="1.0" />


					<print version="1.0">
						<![CDATA[*************************************************
*************************************************
            COMPARING Source and Target FILE ${system.carriageReturn}
         ${eachsource}${system.carriageReturn}
         ${eachtarget}${system.carriageReturn}

*************************************************
*************************************************]]>
					</print>

					<if label="If contents are same " condition="${string(sourcefile) eq string(targetfile)}">

						<print version="1.0">
							<![CDATA[***************************
***************************
   Source and Target ${system.carriageReturn}
${eachsource}${system.carriageReturn}
${eachtarget}${system.carriageReturn}
ARE EQUAL${system.carriageReturn}
***************************
***************************]]>
						</print>

						<else label="If contents are NOT same ">

							<print version="1.0">
								<![CDATA[***************************
***************************
   Source and Target ${system.carriageReturn}
${eachsource}${system.carriageReturn}
${eachtarget}${system.carriageReturn}
ARE NOT EQUAL${system.carriageReturn}
***************************
***************************]]>
							</print>

						</else>
					</if>
				</if>
			</forEachLoop>
		</forEachLoop>
	</module>

</project>
