<?xml version="1.0" encoding="UTF-8"?>
<project name="fetchstuckjobandkill" mainModule="Main" version="2.0" logLevel="normal" threadSafe="true">

	<module name="Main" onError="call:Projectfailure">

		<execSSH label="fetch Stuck job id log" resourceId="LocalMFT1" command="awk &apos;/ERROR/ &amp;&amp; /Failed to remove the job from Active Jobs data store:/ ${GA_Logs}/goanywhere.log" redirectOutputTo="file" outputFile="${MFT_csv}/${system.job.id}.flstkl.log" whenFileExists="error" errorIfCommandFails="true" outputFileVariable="flstkllogfile" version="1.0" disabled="false" />


		<copy label="Copy flstkllogfile flstkllogfile.temp" sourceFilesVariable="${flstkllogfile}" destDir="${MFT_csv}" whenFileExists="error" suffix=".temp_flstkl" version="1.0" disabled="false" />

		<if label="!Exists flstkllogcopyfile" condition="${FileInfo(&apos;/opt/goanywhere/transferdatacsv/flstkllogcopyfile.donotdelete&apos;):exists == false }" disabled="false">

			<execSSH label="create flstkllogcopy file" resourceId="LocalMFT1" command="touch ${MFT_csv}/flstkllogcopyfile.donotdelete" redirectOutputTo="ignore" whenFileExists="error" errorIfCommandFails="true" version="1.0" disabled="false" />

		</if>

		<execSSH label="create a difference file" resourceId="LocalMFT1" command="sudo chmod 604 ${flstkllogfile};diff ${flstkllogfile}  ${MFT_csv}/flstkllogcopyfile.donotdelete" redirectOutputTo="file" outputFile="${MFT_csv}/${system.job.id}.flstkl.diff.temp_flstkl" whenFileExists="error" errorIfCommandFails="false" outputFileVariable="difffiletemp" version="1.0" disabled="false" />


		<execSSH label="clean difference file" resourceId="LocalMFT1" command="sudo chmod 604 ${difffiletemp};awk &apos;NF&gt;1&apos; ${difffiletemp}" redirectOutputTo="file" outputFile="${MFT_csv}/${system.job.id}.flstkl.finaldiff.temp_flstkl" whenFileExists="overwrite" errorIfCommandFails="true" outputFileVariable="difffile" version="1.0" disabled="false" />


		<execSSH label="change permission diff file" resourceId="LocalMFT1" command="sudo chmod 604 ${difffile}" version="1.0" />


		<setVariable label="var dataflag == 19" name="dataflag" value="19" version="2.0" />


		<callProject label="Call Project DataCapture 06" project="/project-functions-templates/DataCapture" runInSameJob="true" inheritUserVariables="true" returnUserVariables="true" mode="batch" version="1.0" />


		<delete label="Delete all stage files" version="1.0" disabled="false">
			<fileset dir="${MFT_csv}" includeItems="files">
				<wildcardFilter>
					<include pattern="*.temp_flstkl" />
				</wildcardFilter>
			</fileset>
		</delete>


		<rename label="Rename flstkllogfile to flstkllogcopyfile" inputFile="${flstkllogfile}" newName="flstkllogcopyfile.donotdelete" whenFileExists="overwrite" version="1.0" disabled="false" />

	</module>

	<description>It detects DB disconnection from MFT and captures log .</description>

	<module name="Projectfailure">

		<setVariable label="var dataflag == 09" name="dataflag" value="09" version="2.0" />


		<setVariable label="var errormsg" name="errormsg" value="${system.job.error}" version="2.0" />


		<callProject label="Call Project DataCapture 06" project="/project-functions-templates/DataCapture" runInSameJob="true" inheritUserVariables="true" returnUserVariables="true" mode="batch" version="1.0" />


		<raiseError version="1.0" />

	</module>

</project>
