<?xml version="1.0" encoding="UTF-8"?>
<project name="Interface_Report_for_Monthly" mainModule="Main" version="2.0" logLevel="normal">
	<variable name="projectname" value="webuser3-to-webuser4-project-template" />
	<variable name="emailaddress" value="pradeep.ae.kumar@capgemini.com" />

	<module name="Main">

		<timestamp version="1.0" />


		<setVariable label="CurrentMonth" name="CurrentMonth" value="${CurrentTimestamp(&apos;YYYY-MM&apos;)}" version="1.0" />


		<print version="1.0" disabled="false">
			<![CDATA[************************************************
*            ${CurrentMonth}*                       *
************************************************
]]>
		</print>


		<createWorkspace version="1.0" />


		<execSSH resourceId="LocalMFT2" command="grep ${projectname} ${MFT_csv}/Archive/${CurrentMonth}*/*_TransferSuccessDataFilenames.csv" redirectOutputTo="file" outputFile="${system.job.workspace}/inputfile.csv" version="1.0" disabled="false" />


		<readCSV inputFile="${system.job.workspace}/inputfile.csv" outputRowSetVariable="fileset" fieldDelimiter="comma" recordDelimiter="LF" version="1.0" disabled="false">
			<data>
				<column index="9" name="Total_Files" />
			</data>
		</readCSV>


		<print version="1.0" disabled="false">
			<![CDATA[************************************************
*             REPORT GENERATION INITIATED                       *
************************************************
]]>
		</print>


		<customReport label="PROJECT REPORT" inputRowSetVariable="${fileset}" pdfFile="${system.job.workspace}/report_${projectname}.pdf" whenFileExists="error" title="Report -  ${projectname}" orientation="portrait" logoChoice="default" footerChoice="custom" footer="Report - ${projectname}" version="1.0">
			<informationPanel generated="true">
				<summaryField label="Total Files" columnIndex="6" columnName="Projectcolumn" calculation="SUM" />
				<textField label="Project Name" value="${projectname}" />
			</informationPanel>
			<column index="2" name="TimeStamp" alignment="LEFT" width="12" heading="TimeStamp" trim="none" />
			<column index="4" name="JobId" width="15" heading="JobId" />
			<column index="5" name="Filenames" heading="Filenames" headingAlignment="LEFT" />
			<column index="6" name="FileCount" width="10" heading="FileCount" headingAlignment="LEFT" dataType="NUMERIC" />
			<chart chartType="BAR_CHART" keyIndex="8" valueIndex="6" showLegend="true" />
		</customReport>


		<completedJobsByProjectReport pdfFile="${system.job.workspace}/report1_${projectname}.pdf" title="Test" sortBy="project_path" version="1.0" disabled="true" />


		<fileTransferSumReport pdfFile="${system.job.workspace}/report2_${projectname}.pdf" title="File Transfer Summary" module="PR" version="1.0" disabled="true" />


		<print version="1.0" disabled="false">
			<![CDATA[************************************************
*             REPORT GENERATED                                        *
************************************************

************************************************
*             Sending Report via Email                                  *
************************************************
]]>
		</print>


		<sendEmail resourceId="AtosSMTP" toList="${emailaddress}" version="1.0">
			<attachment>
				<fileset dir="${system.job.workspace}" includeItems="files">
					<wildcardFilter>
						<include pattern="*.pdf" />
					</wildcardFilter>
				</fileset>
			</attachment>
			<subject>
				<![CDATA[Report Project ${projectname}]]>
			</subject>
			<from address="noreply@royalmail.com" />
		</sendEmail>


		<print version="1.0" disabled="false">
			<![CDATA[************************************************
*                   Report Sent to Email                                   *
************************************************
]]>
		</print>


		<deleteWorkspace version="1.0" />

	</module>

	<description>Report for a interface for current day .</description>
</project>
