<?xml version="1.0" encoding="UTF-8"?>
<project name="Interface_Report_for_CurrentDay" mainModule="Main" version="2.0" logLevel="normal">
	<variable name="projectname" value="E000000-InterfaceID-I00000" />
	<variable name="emailaddress" value="pradeep.ae.kumar@capgemini.com" />

	<module name="Main">

		<timestamp version="1.0" />


		<copy sourceFile="/opt/goanywhere/transferdata/27092024_GAlogrotationdata.csv" destDir="/var/MFT_Logs" version="1.0" disabled="false" />


		<print version="1.0">
			<![CDATA[${system.project.name}]]>
		</print>


		<createWorkspace version="1.0" />


		<execSSH resourceId="LocalMFT1" command="grep ${projectname} ${MFT_Logs}/*_TransferSuccessDataFilenames.csv" redirectOutputTo="file" outputFile="${system.job.workspace}/inputfile.csv" version="1.0" disabled="false" />


		<readCSV inputFile="${system.job.workspace}/inputfile.csv" outputRowSetVariable="fileset" fieldDelimiter="comma" recordDelimiter="LF" version="1.0" disabled="false" />


		<countRowSet rowsetVariable="${fileset}" rowCountVariable="countrow" columnCountVariable="countcol" version="1.0" />


		<print version="1.0" disabled="false">
			<![CDATA[************************************************
*             REPORT GENERATION INITIATED                       *
************************************************
]]>
		</print>


		<customReport label="PROJECT REPORT" inputRowSetVariable="${fileset}" pdfFile="${system.job.workspace}/report_${projectname}.pdf" whenFileExists="error" title="Report -  ${projectname}" orientation="portrait" logoChoice="default" footerChoice="custom" footer="Report - ${projectname}" version="1.0" disabled="true">
			<informationPanel generated="true">
				<summaryField label="Total Files" columnIndex="6" columnName="Projectcolumn" calculation="SUM" />
				<textField label="Project Name" value="${projectname}" />
			</informationPanel>
			<column index="2" name="TimeStamp" alignment="LEFT" width="12" heading="TimeStamp" trim="none" />
			<column index="4" name="JobId" width="15" heading="JobId" />
			<column index="5" name="Filenames" heading="Filenames" headingAlignment="LEFT" />
			<column index="6" name="FileCount" width="10" heading="FileCount" headingAlignment="LEFT" dataType="NUMERIC" />
			<chart chartType="BAR_CHART" keyIndex="3" valueIndex="6" showLegend="false" />
		</customReport>


		<customReport label="PROJECT REPORT HMPO Specific" inputRowSetVariable="${fileset}" pdfFile="${system.job.workspace}/report_HMPO_${CurrentTimestamp(&apos;YYYY-MM-dd&apos;)}.pdf" whenFileExists="error" title="HMPO Daily Report" orientation="portrait" logoChoice="custom" logo="/var/MFT_Logs/RMGlogo.jpg" logoHeight="40" logoWidth="40" footerChoice="custom" footer="Report - HMPO" version="1.0" disabled="false">
			<informationPanel generated="true">
				<summaryField label="Total Files" columnIndex="6" columnName="Projectcolumn" calculation="SUM" />
				<textField label="Project Name" value="Project HMPO" />
			</informationPanel>
			<column index="2" name="TimeStamp" alignment="LEFT" width="12" heading="TimeStamp" trim="none" />
			<column index="4" name="JobId" width="15" heading="JobId" />
			<column index="5" name="Filenames" heading="Filenames" headingAlignment="LEFT" />
			<column index="6" name="FileCount" width="10" heading="FileCount" headingAlignment="LEFT" dataType="NUMERIC" />
			<chart chartType="BAR_CHART" keyIndex="3" valueIndex="6" showLegend="false" />
		</customReport>


		<print version="1.0" disabled="false">
			<![CDATA[************************************************
*             REPORT GENERATED                                        *
************************************************

************************************************
*             Sending Report via Email                                  *
************************************************
]]>
		</print>


		<sendEmail resourceId="AtosSMTP" toList="${emailaddress}" version="1.0">
			<attachment>
				<fileset dir="${system.job.workspace}" includeItems="files">
					<wildcardFilter>
						<include pattern="*.pdf" />
					</wildcardFilter>
				</fileset>
			</attachment>
			<subject>
				<![CDATA[Report Project HMPO]]>
			</subject>
			<from address="noreply@royalmail.com" />
			<message contentType="text/html">
				<![CDATA[        <html>
        <style type="text/css">
        /* CLIENT-SPECIFIC STYLES */
        #outlook a {
                padding: 0;
        } /* Force Outlook to provide a "view in browser" message */
        .ReadMsgBody {
                width: 100%;
        }
        .ExternalClass {
                width: 100%;
        } /* Force Hotmail to display emails at full width */
        .ExternalClass, .ExternalClass p, .ExternalClass span, .ExternalClass font, .ExternalClass td, .ExternalClass div {
                line-height: 100%;
        } /* Force Hotmail to display normal line spacing */
        body, table, td, a, img {
                -webkit-text-size-adjust: 100%;
                -ms-text-size-adjust: 100%;
                font-family: verdana, geneva, sans-serif;
                font-size: 16px;
                text-decoration: none;
                color: #333333;
                margin: 0px;
        } /* Prevent WebKit and Windows mobile changing default text sizes */
        table, td {
                mso-table-lspace: 0pt;
                mso-table-rspace: 0pt;
        } /* Remove spacing between tables in Outlook 2007 and up */
        img {
                -ms-interpolation-mode: bicubic;
        } /* Allow smoother rendering of resized image in Internet Explorer */
        /* RESET STYLES */
        body {
                margin: 0;
                padding: 0;
        }
        img {
                border: 0;
                height: auto;
                line-height: 100%;
                outline: none;
        }
        table {
                border-collapse: collapse !important;
        }
        body {
                height: 100% !important;
                margin: 0;
                padding: 0;
                width: 100% !important;
        }
        /* iOS BLUE LINKS */
        .appleBody a {
                color: #0072C6;
                text-decoration: none;
        }
        .appleFooter a {
                color: #777777;
        }

        /* GMAIL STYLES */
        u + #body a {
    color: inherit;
    text-decoration: none;
    font-size: inherit;
    font-family: inherit;
    font-weight: inherit;
    line-height: inherit;
}

        /* MOBILE STYLES */
        @media screen and (max-width: 525px) {
                /* ALLOWS FOR FLUID TABLES */
                table[class="wrapper"] {
                        width: 100% !important;
                }
                /* ADJUSTS LAYOUT OF LOGO IMAGE */
                td[class="logo"] {
                        text-align: center;
                        padding: 5px 0 5px 0 !important;
                }
                td[class="logo"] img {
                        margin: 0 auto!important;
                }
                /* USE THESE CLASSES TO HIDE CONTENT ON MOBILE */
                td[class="mobile-hide"] {
                        display: none;
                }
                img[class="mobile-hide"] {
                        display: none !important;
                }
                img[class="img-max"] {
                        max-width: 100% !important;
                        height: auto !important;
                }
                /* FULL-WIDTH TABLES */
                table[class="responsive-table"] {
                        width: 100%!important;
                }
                /* UTILITY CLASSES FOR ADJUSTING PADDING ON MOBILE */
                td[class="padding"] {
                        padding: 10px 5% 15px 5% !important;
                }
                td[class="padding-copy"] {
                        padding: 30px 5% 20px 5% !important;
                        text-align: center;
                }
                td[class="padding-copy-headline"] {
                        padding: 5px 5% 0px 5% !important;
                        text-align: center;
                }
                td[class="padding-copy-subhead"] {
                        padding: 10px 5% 30px 5% !important;
                        text-align: center;
                }
                td[class="padding-copy-hero"] {
                        padding: 0px 5% 5px 5% !important;
                        text-align: center;
                }
                td[class="padding-meta"] {
                        padding: 30px 5% 0px 5% !important;
                        text-align: center;
                }
                td[class="no-pad"] {
                        padding: 0 0 20px 0 !important;
                td[class="no-padding"] {
                        padding: 0 !important;
                }
                td[class="section-padding"] {
                        padding: 25px 15px 0px 15px !important;
                }
                td[class="section-padding-button"] {
                        padding: 30px 15px 30px 15px !important;
                }
                td[class="section-padding-bottom-image"] {
                        padding: 20px 15px 0 15px !important;
                }
                /* ADJUST BUTTONS ON MOBILE */
                td[class="mobile-wrapper"] {
                        padding: 10px 5% 15px 5% !important;
                }
                table[class="mobile-button-container"] {
                        margin: 0 auto;
                        width: 100% !important;
                }
                a[class="mobile-button"] {
                        width: 80% !important;
                        padding: 15px !important;
                        border: 0 !important;
                        font-size: 16px !important;
                }
        }
}
        </style>
        <body id="body">
                        <table border="0" cellpadding="0" cellspacing="0" width="100%" style="min-width: 100%">
                                <tr>
                                        <td bgcolor="green" valign="top" align="center" style="padding: 40px 15px 40px 15px;" class="section-padding">
                                                <table border="0" cellpadding="0" cellspacing="0" width="75%" class="responsive-table">
                                                        <tr>
                                                                <td class="padding-copy-hero">
                                                                        <table width="100%" border="0" cellspacing="0" cellpadding="0">
                                                                                <tr>
                                                                                        <td height="53" align="center" class="padding-copy-subhead" style="font-family: Verdana, Geneva, sans-serif; color:#FFFFFF; font-size:28px; line-height:30px; padding: 0px 5px; font-weight:bold;">Daily Report for HMPO</td>
																						
                                                                                </tr>
																				<tr>
                                                                                        <td height="53" align="center" class="padding-copy-subhead" style="font-family: Verdana, Geneva, sans-serif; color:#FFFFFF; font-size:18px; line-height:30px; padding: 0px 5px; font-weight:bold;">${CurrentTimestamp('YYYY-MM-dd hh:mm')}</td>
																						
                                                                                </tr>
                                                                        </table>
                                                                </td>
                                                        </tr>
                                                </table>
                                        </td>
                                </tr>
                        </table>
                        <table border="0" cellpadding="0" cellspacing="0" width="100%" style="min-width: 100%">
                        <tr><td style="padding-top: 8px" /></tr>
                        <tr>
                                <td bgcolor="#FFFFFF" align="center" class="section-padding-button">
                                        <table border="0" cellpadding="0" cellspacing="0" width="75%" class="responsive-table">
                                                <tr>
                                                        <td align="center" style="font-family: Verdana, Geneva, sans-serif; color: #333333; font-size: 16px; line-height: 26px; text-decoration: none;">Job Details</td>
                                                </tr>
                                                <tr><td style="padding-top: 16px" /></tr>
                                                <tr>
                                                        <td align="center" style="font-family: Verdana, Geneva, sans-serif; color: #333333; font-size: 16px; line-height: 26px; text-decoration: none;">
                                                                <table border="1" cellpadding="0" cellspacing="0" style="font-family: verdana, arial, helvetica, sans-serif;font-size: 12px;">
<tr>
                                                                                <td style="padding-bottom: 3px; padding-right: 25px;"><b> Project Name</b></td>
                                                                                <td> ${projectname} </td>
                                                                        </tr>
                                                  
                                                                                                                                         
                                                                        <tr>
                                                                                <td style="padding-bottom: 3px; padding-right: 25px;"><b> Total Job Executions</b></td>
                                                                                <td> ${countrow} </td>
                                                                        </tr>
                                                                        
                                                                </table>
                                                        </td>
                                                </tr>
                                                <tr><td style="padding-top: 36px" /></tr>
                                        </table>
                                </td>
                        </tr>
                </table>
                <table border="0" cellpadding="0" cellspacing="0" width="100%" style="min-width:100%;">
                        <tr>
                                <td bgcolor="#3b3b3b" align="center">
                                        <table cellpadding="0" cellspacing="0" width="100%" border="0" class="resonsive-table">
                                                <tr>
                                                        <td align="center">
                                                                <table cellspacing="0" cellpadding="0" border="0" width="75%" class="responsive-table">
                                                                        <tr><td style="padding-top: 24px" /></tr>
                                                                        <tr>
                                                                                <td align="center" style="font-family: Verdana, Geneva, sans-serif; color: #777777; font-size: 9px;">Powered by <a href="https://www.goanywhere.com/powered-by" style="color: #777777; font-size: 9px; text-decoration: underline; text-decoration-color: #777777">GoAnywhere</a></td>
                                                                        </tr>
                                                                        <tr><td style="padding-top: 24px" /></tr>
                                                                </table>
                                                        </td>
                                                </tr>
                                        </table>
                                </td>
                        </tr>
                </table>
        </body>
</html>

        ]]>
			</message>
		</sendEmail>


		<print version="1.0" disabled="false">
			<![CDATA[************************************************
*                   Report Sent to Email                                   *
************************************************
]]>
		</print>


		<deleteWorkspace version="1.0" />

	</module>

	<description>Report for a interface for current day .</description>
</project>
