<?xml version="1.0" encoding="UTF-8"?>
<project name="Kill_Stuck_Job_withList" mainModule="Main" version="2.0" logLevel="verbose">

	<module name="Main">

		<setVariable label="var jobid" name="jobid" inputFile="/var/GA_Logs/stuckjobList.csv" version="1.0" disabled="true" />


		<print version="1.0" disabled="true">
			<![CDATA[${jobid}]]>
		</print>


		<sql resourceId="PrimaryDB" version="1.0" disabled="true">
			<query outputVariable="dbdata">
				<statement>DELETE FROM dbo.dpa_active_job WHERE dbo.dpa_active_job.job_id = ${jobid}</statement>
			</query>
		</sql>


		<readFlatFile inputFile="/var/GA_Logs/stuckjobList.csv" outputRowSetVariable="stuckjoblist" skipEmptyRows="true" recordDelimiter="LF" version="1.0" disabled="false" />

		<forEachLoop itemsVariable="${stuckjoblist}" currentItemVariable="eachjob" currentIterationVariable="currt" currentIndexVariable="curri" disabled="false">

			<print version="1.0">
				<![CDATA[${eachjob[1]}]]>
			</print>


			<sql resourceId="PrimaryDB" version="1.0" disabled="false">
				<query outputVariable="dbdata">
					<statement>DELETE FROM dbo.dpa_active_job WHERE dbo.dpa_active_job.job_id = ${eachjob[1]}</statement>
				</query>
			</sql>

		</forEachLoop>
	</module>

	<description>Provide jobid and it will kill stuck job from Active Jobs </description>
</project>
