<?xml version="1.0" encoding="UTF-8"?>
<project name="QueryToDB" mainModule="Main" version="2.0" logLevel="verbose">

	<module name="Main">

		<createWorkspace version="1.0" />


		<setVariable label="var todate" name="todate" value="${AdjustDateTIme(CurrentDate(&apos;yyyy-MM-dd a&apos;), &apos;yyyy-MM-dd a&apos;, &apos;days&apos;, -30)}" version="2.0" />


		<timestamp version="1.0" />


		<sql resourceId="PrimaryDB" version="1.0" disabled="false">
			<query outputVariable="dbdata">
				<statement>SELECT dbo.dpa_job.proj_name,dbo.dpa_job_file_log.start_time FROM dbo.dpa_job ,dbo.dpa_job_file_log WHERE proj_name LIKE &apos;%webuser1%&apos;
</statement>
			</query>
		</sql>


		<print version="1.0">
			<![CDATA[${dbdata}]]>
		</print>


		<writeCSV inputRowSetVariable="${dbdata}" outputFile="${system.job.workspace}/dbdata.csv" includeHeadings="true" version="1.0" disabled="false" />


		<sendEmail resourceId="AtosSMTP" toList="pradeep.ae.kumar@capgemini.com" version="1.0">
			<attachment>
				<fileset dir="${system.job.workspace}" includeItems="files">
					<wildcardFilter>
						<include pattern="*.*" />
					</wildcardFilter>
				</fileset>
			</attachment>
			<subject>
				<![CDATA[DB query data]]>
			</subject>
			<from address="noreply@royalmail.com" />
		</sendEmail>


		<deleteWorkspace version="1.0" />

	</module>

</project>
