<?xml version="1.0" encoding="UTF-8"?>
<project name="READ_CSV" mainModule="Main" version="2.0" logLevel="silent">

	<module name="Main">

		<readCSV inputFile="/opt/goanywhere/transferdata/27092024_TransferSuccessData.csv" outputRowSetVariable="outputrowset" fieldDelimiter="comma" skipInvalidRecords="true" recordDelimiter="LF" textQualifier="none" processedInputFilesVariable="processed" version="1.0" />


		<countRowSet rowsetVariable="${outputrowset}" rowCountVariable="countrow" columnCountVariable="countcol" version="1.0" />


		<print version="1.0">
			<![CDATA[********************************************************
*   COUNTROW-${countrow}${system.lineFeed}$COUNT COL-${countcol}${system.lineFeed}PROCESSED-${processed}             **

******************************************************]]>
		</print>


		<setVariable label="totalfilecount" name="totalfilecount" value="0" version="1.0" />

		<forEachLoop itemsVariable="${outputrowset}" currentItemVariable="eachitem">

			<print append="true" version="1.0" disabled="true">
				<![CDATA[********************************************************
**       FIle count -   ${eachitem[6]}${system.lineFeed}                                     *****

*******************************************************]]>
			</print>


			<setVariable label="totalfilecount" name="totalfilecount" value="${totalfilecount}+ ${eachitem[6]}" version="1.0" />

		</forEachLoop>

		<print version="1.0">
			<![CDATA[********************************************************
*   TOTAL FILES ARE - ${totalfilecount}             **

******************************************************]]>
		</print>

	</module>

</project>
