<?xml version="1.0" encoding="UTF-8"?>
<project name="mftpull-to-webuser-project-template" mainModule="Main" version="2.0" logLevel="normal" threadSafe="true">
	<description>MFT_Pull - Webuser Project template |
Project name would be - SourceResource-InterfaceNumber-TagertResource,  

</description>

	<module name="Main" logLevel="debug" onError="call:TransferFailure">

		<setVariable label="var filetrack" name="filetrack" value="${system.emptyString}" version="2.0" />


		<setVariable label="var sourceserver" name="sourceserver" value="&lt;ResourceName&gt;" version="2.0" />


		<setVariable label="var sourcepath" name="sourcepath" value="&lt;sourcepath&gt;" version="2.0" />


		<setVariable label="var targetserver" name="targetserver" value="&lt;WebUsername&gt;" version="2.0" />


		<setVariable label="var targetpath  = ${MFT_Application_users}/&lt;targetServer&gt;/pub/&lt;interfacenumber&gt;/out/Network_Air_Rail" name="targetpath" value="${MFT_Application_users}/${targetserver}/pub/&lt;interfaceID&gt;/out/&lt;additionalFolder&gt;" version="2.0">
			<comment>
				<![CDATA[Please <additionalFolder> if any  and Label details.]]>
			</comment>
		</setVariable>


		<setVariable label="var progressingpath  = ${MFT_Project_files}/${system.project.name}/progressing" name="progressingpath" value="${MFT_Project_files}/${system.project.name}/progressing" version="2.0" />


		<setVariable label="var replaypath = ${MFT_Project_files}/${system.project.name}/replay" name="replaypath" value="${MFT_Project_files}/${system.project.name}/replay" version="2.0" />

		<commentTask>
			<comment>
				<![CDATA[FILE_DETECT - File detection on source]]>
			</comment>
		</commentTask>

		<sftp label="SFTP connect to &lt;Sourceserver&gt;" resourceId="${sourceserver}" version="1.0">
			<list fileListVariable="filelistonsrcserver" numFilesFoundVariable="filelistonsrcservernum">
				<fileset dir="${sourcepath}" recursive="false" includeItems="files">
					<wildcardFilter>
						<include pattern="&lt;pattern&gt;" />
					</wildcardFilter>
				</fileset>
				<comment>
					<![CDATA[Use Wildcard or regex if any and fill<pattern>]]>
				</comment>
			</list>
		</sftp>


		<ftps label="FTPS connect to &lt;Sourceserver&gt;" resourceId="${sourceserver}" version="1.0">
			<list fileListVariable="filelistonsrcserver" numFilesFoundVariable="filelistonsrcservernum">
				<fileset dir="${sourcepath}" recursive="false" includeItems="files">
					<wildcardFilter>
						<include pattern="&lt;pattern&gt;" />
					</wildcardFilter>
				</fileset>
				<comment>
					<![CDATA[Use Wildcard or regex and fill up <pattern>]]>
				</comment>
			</list>
		</ftps>


		<createFileList label="Files from &lt;AZBLOB&gt;" fileListVariable="filelistonsrcserver" numFilesFoundVariable="filelistonsrcservernum" version="1.0">
			<fileset dir="resource:&lt;az_blob_resourcename&gt;://&lt;container_name&gt;" recursive="false" includeItems="files" />
		</createFileList>


		<exitProject label="EXIT if No Files" version="1.0" executeOnlyIf="${ filelistonsrcservernum eq 0 }" />


		<createWorkspace label="Create workspace" version="1.0" />


		<setVariable label="update var filetrack" name="filetrack" value="${filetrack},FILE_DETECT" version="2.0" />


		<sftp label="SFTP connect to &lt;Sourceserver&gt;" resourceId="${sourceserver}" version="1.0">
			<get sourceFilesVariable="${filelistonsrcserver}" destinationDir="${system.job.workspace}" whenFileExists="overwrite" destinationFilesVariable="filelistonworkspace" numFilesDownloadedVariable="filelistonworkspacenum" />
		</sftp>


		<ftps label="FTPS connect to &lt;Sourceserver&gt;" resourceId="${sourceserver}" keyLocation="KeyVault" version="1.0" disabled="false">
			<get sourceFilesVariable="${filelistonsrcserver}" destinationDir="${system.job.workspace}" whenFileExists="overwrite" destinationFilesVariable="filelistonworkspace" numFilesDownloadedVariable="filelistonworkspacenum" />
		</ftps>


		<setVariable label="var filetrack" name="filetrack" value="${system.emptyString},STAGE" version="2.0" />

		<if label="if: progressing directory exists" condition="${FileInfo(&apos;/opt/goanywhere/userdata/project_files/&lt;projectname&gt;progressing&apos;):exists == false }">

			<mkdir label="Make Progressing Directory" dir="${MFT_Project_files}/${system.project.name}/progressing" version="1.0" />

			<comment>
				<![CDATA[Fill up <projectname>]]>
			</comment>
		</if>
		<commentTask>
			<comment>
				<![CDATA[STAGE - Copy files to progressing]]>
			</comment>
		</commentTask>

		<copy label="Copy files from workspace to Progressing" sourceFilesVariable="${filelistonworkspace}" destDir="${progressingpath}" whenFileExists="skip" version="1.0" />

		<commentTask>
			<comment>
				<![CDATA[DEL_FILES - Delete source files]]>
			</comment>
		</commentTask>

		<sftp label="SFTP connect to &lt;sourceserver&gt;" resourceId="${sourceserver}" version="1.0">
			<delete inputFilesVariable="${filelistonsrcserver}" />
		</sftp>


		<ftps label="FTPS connect to &lt;sourceserver&gt;" resourceId="${sourceserver}" keyLocation="KeyVault" version="1.0" disabled="false">
			<delete inputFilesVariable="${filelistonsrcserver}" />
		</ftps>


		<setVariable label="update var filetrack" name="filetrack" value="${filetrack},DEL_FILES" version="2.0" />


		<deleteWorkspace version="1.0" />

		<if label="if: replay directory exists" condition="${FileInfo(&apos;/opt/goanywhere/userdata/project_files/&lt;projectname&gt;/replay&apos;):exists == false }">

			<mkdir label="Make Replay Directory" dir="${replaypath}" version="1.0" />

			<comment>
				<![CDATA[FIll up <projectname>]]>
			</comment>
		</if>

		<callProject label="Call RenameMoveReplayFilestoProgressing Project" project="/project-functions-templates/RenameMoveReplayFilestoProgressing" runInSameJob="true" inheritUserVariables="true" returnUserVariables="true" mode="batch" version="1.0" />


		<createFileList label="Create FileList from Progressing" fileListVariable="filelistonprogressing" numFilesFoundVariable="filelistonprogressingnum" version="1.0" disabled="false">
			<fileset dir="${progressingpath}" recursive="false" includeItems="files" />
		</createFileList>

		<commentTask>
			<comment>
				<![CDATA[ARCHIEVE - Archieve files]]>
			</comment>
		</commentTask>

		<callProject label="Call Archieve files Project" project="/project-functions-templates/Archive_Files" runInSameJob="true" inheritUserVariables="true" returnUserVariables="true" mode="batch" version="1.0" />


		<setVariable label="update var filetrack" name="filetrack" value="${filetrack},ARCHIEVE" version="2.0" />

		<commentTask>
			<comment>
				<![CDATA[SENT - send files to target]]>
			</comment>
		</commentTask>

		<copy label="Copy Files to Target &lt;webusername&gt;" destDir="${targetpath}" whenFileExists="overwrite" processedSourceFilesVariable="listofprocessedfiles" numFilesCopiedVariable="listofprocessedfilesnum" version="1.0" disabled="false">
			<fileset dir="${progressingpath}">
				<wildcardFilter>
					<include pattern="&lt;please mention for any file pattern &gt;" />
				</wildcardFilter>
			</fileset>
			<comment>
				<![CDATA[Please fill value for <webusername> and <please mention for any file pattern >]]>
			</comment>
		</copy>


		<setVariable label="update var filetrack" name="filetrack" value="${filetrack},SENT" version="2.0" />


		<delete label="Delete processed files in above Copy task" inputFilesVariable="${listofprocessedfiles}" version="1.0" />


		<callProject label="Call TransferSuccessData Project" project="/project-functions-templates/TransferSuccessData" runInSameJob="true" inheritUserVariables="true" returnUserVariables="true" mode="batch" version="1.0" />

	</module>


	<module name="TransferFailure" description="This module calls Project DataError">

		<setVariable label="Error Message" name="errormsg" value="${system.job.error}" version="2.0" />


		<setVariable label="update var filetrack" name="filetrack" value="${filetrack},SENT_FAIL,${errormsg}" version="2.0" />


		<print label="Print FileTrack" file="${MFT_Logs}/${CurrentDate(&apos;ddMMyyyy&apos;)}_TransferFiletracking.csv" append="true" version="1.0" disabled="false">
			<![CDATA[FILETRACK,${CurrentTimestamp('yyyy-MM-dd HH:mm:ss')},${system.job.id},${system.project.name},${filetrack}${system.lineFeed}]]>
		</print>


		<callProject label="Call TransferFailed Project" project="/project-functions-templates/TransferFailedData" runInSameJob="true" inheritUserVariables="true" mode="batch" version="1.0" />


		<raiseError version="1.0" />

	</module>

</project>
