<?xml version="1.0" encoding="UTF-8"?>
<project name="webuser_MulFolder-to-mftpush_MulFolder-project-template" mainModule="Main" version="2.0" logLevel="normal" threadSafe="true">
	<description>--NOT in USE--Webuser - MFT_Push Project template |
Project name would be - SourceResource-InterfaceNumber-TagertResource,  

</description>
	<variable name="sourceserver" value="&lt;Webusername&gt;" description="Web user ">
		<comment>
			<![CDATA[Please fill up  <Webusername>>]]>
		</comment>
	</variable>
	<variable name="targetserver" value="&lt;Webusername&gt;" description="Web user ">
		<comment>
			<![CDATA[Please fill up  <Webusername>>]]>
		</comment>
	</variable>
	<variable name="targetpath" value="&lt;Target path&gt;" description="Target path ">
		<comment>
			<![CDATA[Please fill up  <Target path>]]>
		</comment>
	</variable>

	<module name="Main" logLevel="debug" onError="call:TransferFailure">

		<setVariable label="var sourcepath = ${MFT_Application_users}/&lt;sourceserver&gt;/pub/702/in" name="sourcepath" value="${MFT_Application_users}/${sourceserver}/pub/&lt;interfacenumber&gt;/in" version="1.0">
			<comment>
				<![CDATA[Please fill <Interface number > value and <sourceserver> value in Label.]]>
			</comment>
		</setVariable>


		<setVariable label="var progressingpath  = ${MFT_Project_files}/${system.project.name}/progressing" name="progressingpath" value="${MFT_Project_files}/${system.project.name}/progressing" version="2.0" />


		<setVariable label="var replaypath = ${MFT_Project_files}/${system.project.name}/replay" name="replaypath" value="${MFT_Project_files}/${system.project.name}/replay" version="2.0" />


		<createWorkspace label="Create workspace" version="1.0" />


		<createFileList label="File List on Source" fileListVariable="filelistonsrcserver" numFilesFoundVariable="filelistonsrcservernum" version="1.0">
			<fileset dir="${sourcepath}" includeItems="files">
				<wildcardFilter>
					<include pattern="&lt;please mention for any file pattern &gt;" caseSensitive="true" />
				</wildcardFilter>
			</fileset>
			<comment>
				<![CDATA[Please fill value of <please mention for any file pattern >]]>
			</comment>
		</createFileList>


		<exitProject label="EXIT if No Files" version="1.0" executeOnlyIf="${ filelistonsrcservernum eq 0 }" />


		<copy label="Copy from Source to Workspace" sourceFilesVariable="${filelistonsrcserver}" destDir="${system.job.workspace}" processedSourceFilesVariable="filelistonworkspace" numFilesCopiedVariable="filelistonworkspacenum" version="1.0" />

		<if label="if: progressing directory exists" condition="${FileInfo(&apos;/opt/goanywhere/userdata/project_files/&lt;projectname&gt;/progressing&apos;):exists == false }">

			<mkdir label="Make Progressing Directory" dir="${MFT_Project_files}/${system.project.name}/progressing" version="1.0" />

			<comment>
				<![CDATA[Fill up <projectname>]]>
			</comment>
		</if>

		<copy label="Copy files from workspace to Progressing" sourceFilesVariable="${filelistonworkspace}" destDir="${progressingpath}" whenFileExists="skip" version="1.0" />


		<deleteWorkspace version="1.0" />


		<delete label="Delete source files" inputFilesVariable="${filelistonsrcserver}" version="1.0" />

		<if label="if: replay directory exists" condition="${FileInfo(&apos;/opt/goanywhere/userdata/project_files/&lt;projectname&gt;/replay&apos;):exists == false }">

			<mkdir label="Make Replay Directory" dir="${replaypath}" version="1.0" />

			<comment>
				<![CDATA[FIll up <projectname>]]>
			</comment>
		</if>

		<callProject label="Call RenameMoveReplayFilestoProgressing Project" project="/project-functions-templates/RenameMoveReplayFilestoProgressing" runInSameJob="true" inheritUserVariables="true" returnUserVariables="true" mode="batch" version="1.0" />


		<createFileList label="Create FileList from Progressing" fileListVariable="filelistonprogressing" numFilesFoundVariable="filelistonprogressingnum" version="1.0" disabled="false">
			<fileset dir="${progressingpath}" recursive="false" includeItems="files" />
		</createFileList>


		<callProject label="Call Archieve files Project" project="/project-functions-templates/Archive_Files" runInSameJob="true" inheritUserVariables="true" returnUserVariables="true" mode="batch" version="1.0" />


		<sftp label="SFTP to &lt;targetserver&gt;" resourceId="${targetserver}" keyLocation="KeyVault" version="1.0">
			<put sourceFilesVariable="${filelistonprogressing} - &lt;remove it if fiile set is required &gt;" destinationDir="${targetpath}" destinationFilesVariable="listofprocessedfiles" numFilesUploadedVariable="listofprocessedfilesnum">
				<fileset dir="${progressingpath}" recursive="false" includeItems="files">
					<regexFilter>
						<include pattern="&lt;pattern&gt;" caseSensitive="true" />
					</regexFilter>
				</fileset>
				<comment>
					<![CDATA[Use Wildcard or regex for file Filter and fill up <pattern>
Note : - if there is no FIleSet to use , just use ${filelistonprogressing} in "Files in spurce variable" .]]>
				</comment>
			</put>
		</sftp>


		<ftps label="FTPS to &lt;targetserver&gt;" resourceId="${targetserver}" version="1.0">
			<put sourceFilesVariable="${filelistonprogressing} - &lt;remove it if fiile set is required &gt;" destinationDir="${targetpath}" destinationFilesVariable="listofprocessedfiles" numFilesUploadedVariable="listofprocessedfilesnum">
				<fileset dir="${progressingpath}" recursive="false" includeItems="files">
					<wildcardFilter>
						<include pattern="&lt;pattern&gt;" />
					</wildcardFilter>
				</fileset>
				<comment>
					<![CDATA[Use Wildcard or regex for file Filter and fill up <pattern>
Note : - if there is no FIleSet to use , just use ${filelistonprogressing} in "Files in spurce variable" .]]>
				</comment>
			</put>
		</ftps>


		<delete label="Delete processed files in above Copy task" inputFilesVariable="${listofprocessedfiles}" version="1.0" />


		<callProject label="Call TransferSuccessData Project" project="/project-functions-templates/TransferSuccessData" runInSameJob="true" inheritUserVariables="true" returnUserVariables="true" mode="batch" version="1.0" />

	</module>


	<module name="TransferFailure" description="This module calls Project DataError">

		<setVariable label="Error Message" name="errormsg" value="${system.job.error}" version="2.0" />


		<callProject label="Call TransferFailed Project" project="/project-functions-templates/TransferFailedData" runInSameJob="true" inheritUserVariables="true" mode="batch" version="1.0" />


		<raiseError version="1.0" />

	</module>

</project>
