<?xml version="1.0" encoding="UTF-8"?>
<project name="webuser-to-webuser-project-template" mainModule="Main" version="2.0" logLevel="normal" threadSafe="true">
	<description> Webuser - Webuser Project template |
Project name would be - SourceResource-InterfaceNumber-TagertResource,  

</description>

	<module name="Main" logLevel="debug" onError="call:TransferFailure">

		<setVariable label="var filetrack" name="filetrack" value="${system.emptyString}" version="2.0" />


		<setVariable label="var sourceserver" name="sourceserver" value="&lt;WebUsername&gt;" version="2.0" />


		<setVariable label="var targetserver" name="targetserver" value="&lt;WebUsername&gt;" version="2.0" />


		<setVariable label="var progressingpath  = ${MFT_Project_files}/${system.project.name}/progressing" name="progressingpath" value="${MFT_Project_files}/${system.project.name}/progressing" version="2.0" />


		<setVariable label="var replaypath = ${MFT_Project_files}/${system.project.name}/replay" name="replaypath" value="${MFT_Project_files}/${system.project.name}/replay" version="2.0" />


		<setVariable label="var sourcepath = ${MFT_Application_users}/&lt;sourceserver&gt;/pub/702/in" name="sourcepath" value="${MFT_Application_users}/${sourceserver}/pub/&lt;interfacenumber&gt;/in" version="1.0">
			<comment>
				<![CDATA[Please fill <Interface number > value and <sourceserver> value in Label.]]>
			</comment>
		</setVariable>


		<setVariable label="var targetpath = ${MFT_Application_users}/&lt;targetserver&gt;/pub/702/out" name="targetpath" value="${MFT_Application_users}/&lt;targetserver&gt;/pub/&lt;interfacenumber&gt;/out" version="1.0">
			<comment>
				<![CDATA[Please fill <Interface number > value and <targetserver> value in LAbel.]]>
			</comment>
		</setVariable>

		<commentTask>
			<comment>
				<![CDATA[FILE_DETECT - File detection on source]]>
			</comment>
		</commentTask>

		<createFileList label="File List on Source" fileListVariable="filelistonsrcserver" numFilesFoundVariable="filelistonsrcservernum" version="1.0">
			<fileset dir="${sourcepath}" includeItems="files">
				<wildcardFilter>
					<include pattern="&lt;please mention for any file pattern &gt;" caseSensitive="true" />
				</wildcardFilter>
			</fileset>
			<comment>
				<![CDATA[Please fill value of <please mention for any file pattern >]]>
			</comment>
		</createFileList>


		<exitProject label="EXIT if No Files" version="1.0" executeOnlyIf="${ filelistonsrcservernum eq 0 }" disabled="false" />


		<createWorkspace label="Create workspace" version="1.0" />


		<setVariable label="update var filetrack" name="filetrack" value="${filetrack},FILE_DETECT" version="2.0" />


		<copy label="Copy from Source to Workspace" sourceFilesVariable="${filelistonsrcserver}" destDir="${system.job.workspace}" processedSourceFilesVariable="filelistonworkspace" numFilesCopiedVariable="filelistonworkspacenum" version="1.0" />

		<if label="if: progressing directory exists" condition="${FileInfo(&apos;/opt/goanywhere/userdata/project_files/&lt;Project Name&gt;/progressing&apos;):exists == false }">

			<mkdir label="Make Progressing Directory" dir="${progressingpath}" version="1.0" />

			<comment>
				<![CDATA[Please hard code the folder name as per project name <Project Name>]]>
			</comment>
		</if>
		<commentTask>
			<comment>
				<![CDATA[STAGE - Copy from to progressing]]>
			</comment>
		</commentTask>

		<copy label="Copy from workspace to Progressing" sourceFilesVariable="${filelistonworkspace}" destDir="${progressingpath}" whenFileExists="overwrite" version="1.0" />


		<setVariable label="update var filetrack" name="filetrack" value="${filetrack},STAGE" version="2.0" />

		<commentTask>
			<comment>
				<![CDATA[DEL_FILES - Delete source files]]>
			</comment>
		</commentTask>

		<delete label="Delete source files" inputFilesVariable="${filelistonsrcserver}" version="1.0" />


		<setVariable label="update var filetrack" name="filetrack" value="${filetrack},DEL_FILES" version="2.0" />


		<deleteWorkspace version="1.0" />

		<if label="if: replay directory exists" condition="${FileInfo(&apos;/opt/goanywhere/userdata/project_files/&lt;Project Name&gt;/replay&apos;):exists == false }">

			<mkdir label="Make Replay Directory" dir="${replaypath}" version="1.0" />

			<comment>
				<![CDATA[Please hard code the folder name as per project name <Project Name>]]>
			</comment>
		</if>

		<callProject label="Call RenameMoveReplaytoProgressing Project" project="/project-functions-templates/RenameMoveReplayFilestoProgressing" runInSameJob="true" inheritUserVariables="true" returnUserVariables="true" mode="batch" version="1.0" />


		<createFileList label="Create File List on Progressing" fileListVariable="filelistonprogressing" numFilesFoundVariable="filelistonprogressingnum" version="1.0" disabled="false">
			<fileset dir="${progressingpath}" includeItems="files" />
		</createFileList>

		<commentTask>
			<comment>
				<![CDATA[ARCHIEVE - Achieve files]]>
			</comment>
		</commentTask>

		<callProject label="Call Archive files Project" project="/project-functions-templates/Archive_Files" runInSameJob="true" inheritUserVariables="true" returnUserVariables="true" mode="batch" version="1.0" onError="call:TransferFailure">
			<comment>
				<![CDATA[This project needs <filelistonprogressing> variable]]>
			</comment>
		</callProject>


		<setVariable label="update var filetrack" name="filetrack" value="${filetrack},ARCHIEVE" version="2.0" />

		<commentTask>
			<comment>
				<![CDATA[SENT - Files sent to target]]>
			</comment>
		</commentTask>

		<copy label="Copy Files to Target &lt;webusername&gt;" destDir="${targetpath}" whenFileExists="overwrite" processedSourceFilesVariable="listofprocessedfiles" numFilesCopiedVariable="listofprocessedfilesnum" version="1.0" disabled="false">
			<fileset dir="${progressingpath}">
				<wildcardFilter>
					<include pattern="&lt;please mention for any file pattern &gt;" />
				</wildcardFilter>
			</fileset>
			<comment>
				<![CDATA[Please fill value for <webusername> and <please mention for any file pattern >]]>
			</comment>
		</copy>


		<setVariable label="update var filetrack" name="filetrack" value="${filetrack},SENT" version="2.0" />


		<delete label="Delete processed files in above Copy task" inputFilesVariable="${listofprocessedfiles}" version="1.0" />


		<callProject label="Call TransferSuccessData Project" project="/project-functions-templates/TransferSuccessData" runInSameJob="true" inheritUserVariables="true" returnUserVariables="true" mode="batch" version="1.0">
			<comment>
				<![CDATA[This project needs variable - <sourceserver> <sourcepath> <targetserver> <targetpath> <filelistonprogressing>]]>
			</comment>
		</callProject>

	</module>


	<module name="TransferFailure" description="This module is being called if MAIN gets failed. Also it calls TransferFailed Project to capture the event .">

		<setVariable label="Error Message" name="errormsg" value="${system.job.error}" version="2.0" />


		<setVariable label="update var filetrack" name="filetrack" value="${filetrack},SENT_FAIL,${errormsg}" version="2.0" />


		<print label="Print FileTrack" file="${MFT_Logs}/${CurrentDate(&apos;ddMMyyyy&apos;)}_TransferFiletracking.csv" append="true" version="1.0" disabled="false">
			<![CDATA[FILETRACK,${CurrentTimestamp('yyyy-MM-dd HH:mm:ss')},${system.job.id},${system.project.name},${filetrack}${system.lineFeed}]]>
		</print>


		<callProject label="Call TransferFailed Project" project="/project-functions-templates/TransferFailedData" runInSameJob="true" inheritUserVariables="true" returnUserVariables="true" mode="batch" version="1.0">
			<comment>
				<![CDATA[This project needs variable - <sourceserver> <sourcepath> <targetserver> <targetpath> and <errormsg>]]>
			</comment>
		</callProject>


		<raiseError version="1.0" />

	</module>

</project>
